Class,ImageFileName
Kirmizi_Pistachio,kirmizi (1).jpg
Kirmizi_Pistachio,kirmizi (10).jpg
Kirmizi_Pistachio,kirmizi (11).jpg
Kirmizi_Pistachio,kirmizi (12).jpg
Kirmizi_Pistachio,kirmizi (13).jpg
Kirmizi_Pistachio,kirmizi (14).jpg
Kirmizi_Pistachio,kirmizi (15).jpg
Kirmizi_Pistachio,kirmizi (16).jpg
Kirmizi_Pistachio,kirmizi (17).jpg
Kirmizi_Pistachio,kirmizi (18).jpg
Kirmizi_Pistachio,kirmizi (19).jpg
Kirmizi_Pistachio,kirmizi (2).jpg
Kirmizi_Pistachio,kirmizi (20).jpg
Kirmizi_Pistachio,kirmizi (21).jpg
Kirmizi_Pistachio,kirmizi (22).jpg
Kirmizi_Pistachio,kirmizi (23).jpg
Kirmizi_Pistachio,kirmizi (24).jpg
Kirmizi_Pistachio,kirmizi (25).jpg
Kirmizi_Pistachio,kirmizi (26).jpg
Kirmizi_Pistachio,kirmizi (27).jpg
Kirmizi_Pistachio,kirmizi (28).jpg
Kirmizi_Pistachio,kirmizi (29).jpg
Kirmizi_Pistachio,kirmizi (3).jpg
Kirmizi_Pistachio,kirmizi (30).jpg
Kirmizi_Pistachio,kirmizi (31).jpg
Kirmizi_Pistachio,kirmizi (32).jpg
Kirmizi_Pistachio,kirmizi (33).jpg
Kirmizi_Pistachio,kirmizi (34).jpg
Kirmizi_Pistachio,kirmizi (35).jpg
Kirmizi_Pistachio,kirmizi (36).jpg
Kirmizi_Pistachio,kirmizi (37).jpg
Kirmizi_Pistachio,kirmizi (38).jpg
Kirmizi_Pistachio,kirmizi (39).jpg
Kirmizi_Pistachio,kirmizi (4).jpg
Kirmizi_Pistachio,kirmizi (40).jpg
Kirmizi_Pistachio,kirmizi (41).jpg
Kirmizi_Pistachio,kirmizi (42).jpg
Kirmizi_Pistachio,kirmizi (43).jpg
Kirmizi_Pistachio,kirmizi (44).jpg
Kirmizi_Pistachio,kirmizi (45).jpg
Kirmizi_Pistachio,kirmizi (46).jpg
Kirmizi_Pistachio,kirmizi (47).jpg
Kirmizi_Pistachio,kirmizi (48).jpg
Kirmizi_Pistachio,kirmizi (49).jpg
Kirmizi_Pistachio,kirmizi (5).jpg
Kirmizi_Pistachio,kirmizi (50).jpg
Kirmizi_Pistachio,kirmizi (51).jpg
Kirmizi_Pistachio,kirmizi (52).jpg
Kirmizi_Pistachio,kirmizi (53).jpg
Kirmizi_Pistachio,kirmizi (54).jpg
Kirmizi_Pistachio,kirmizi (55).jpg
Kirmizi_Pistachio,kirmizi (56).jpg
Kirmizi_Pistachio,kirmizi (57).jpg
Kirmizi_Pistachio,kirmizi (58).jpg
Kirmizi_Pistachio,kirmizi (59).jpg
Kirmizi_Pistachio,kirmizi (6).jpg
Kirmizi_Pistachio,kirmizi (60).jpg
Kirmizi_Pistachio,kirmizi (61).jpg
Kirmizi_Pistachio,kirmizi (62).jpg
Kirmizi_Pistachio,kirmizi (63).jpg
Kirmizi_Pistachio,kirmizi (64).jpg
Kirmizi_Pistachio,kirmizi (65).jpg
Kirmizi_Pistachio,kirmizi (7).jpg
Kirmizi_Pistachio,kirmizi (8).jpg
Kirmizi_Pistachio,kirmizi (9).jpg
Kirmizi_Pistachio,kirmizi 1.jpg
Kirmizi_Pistachio,kirmizi 10.jpg
Kirmizi_Pistachio,kirmizi 100.jpg
Kirmizi_Pistachio,kirmizi 1000.jpg
Kirmizi_Pistachio,kirmizi 1001.jpg
Kirmizi_Pistachio,kirmizi 1002.jpg
Kirmizi_Pistachio,kirmizi 1003.jpg
Kirmizi_Pistachio,kirmizi 1004.jpg
Kirmizi_Pistachio,kirmizi 1005.jpg
Kirmizi_Pistachio,kirmizi 1006.jpg
Kirmizi_Pistachio,kirmizi 1007.jpg
Kirmizi_Pistachio,kirmizi 1008.jpg
Kirmizi_Pistachio,kirmizi 1009.jpg
Kirmizi_Pistachio,kirmizi 101.jpg
Kirmizi_Pistachio,kirmizi 1010.jpg
Kirmizi_Pistachio,kirmizi 1011.jpg
Kirmizi_Pistachio,kirmizi 1012.jpg
Kirmizi_Pistachio,kirmizi 1013.jpg
Kirmizi_Pistachio,kirmizi 1014.jpg
Kirmizi_Pistachio,kirmizi 1015.jpg
Kirmizi_Pistachio,kirmizi 1016.jpg
Kirmizi_Pistachio,kirmizi 1017.jpg
Kirmizi_Pistachio,kirmizi 1018.jpg
Kirmizi_Pistachio,kirmizi 1019.jpg
Kirmizi_Pistachio,kirmizi 102.jpg
Kirmizi_Pistachio,kirmizi 1020.jpg
Kirmizi_Pistachio,kirmizi 1021.jpg
Kirmizi_Pistachio,kirmizi 1022.jpg
Kirmizi_Pistachio,kirmizi 1023.jpg
Kirmizi_Pistachio,kirmizi 1024.jpg
Kirmizi_Pistachio,kirmizi 1025.jpg
Kirmizi_Pistachio,kirmizi 1026.jpg
Kirmizi_Pistachio,kirmizi 1027.jpg
Kirmizi_Pistachio,kirmizi 1028.jpg
Kirmizi_Pistachio,kirmizi 1029.jpg
Kirmizi_Pistachio,kirmizi 103.jpg
Kirmizi_Pistachio,kirmizi 1030.jpg
Kirmizi_Pistachio,kirmizi 1031.jpg
Kirmizi_Pistachio,kirmizi 1032.jpg
Kirmizi_Pistachio,kirmizi 1033.jpg
Kirmizi_Pistachio,kirmizi 1034.jpg
Kirmizi_Pistachio,kirmizi 1035.jpg
Kirmizi_Pistachio,kirmizi 1036.jpg
Kirmizi_Pistachio,kirmizi 1037.jpg
Kirmizi_Pistachio,kirmizi 1038.jpg
Kirmizi_Pistachio,kirmizi 1039.jpg
Kirmizi_Pistachio,kirmizi 104.jpg
Kirmizi_Pistachio,kirmizi 1040.jpg
Kirmizi_Pistachio,kirmizi 1041.jpg
Kirmizi_Pistachio,kirmizi 1042.jpg
Kirmizi_Pistachio,kirmizi 1043.jpg
Kirmizi_Pistachio,kirmizi 1044.jpg
Kirmizi_Pistachio,kirmizi 1045.jpg
Kirmizi_Pistachio,kirmizi 1046.jpg
Kirmizi_Pistachio,kirmizi 1047.jpg
Kirmizi_Pistachio,kirmizi 1048.jpg
Kirmizi_Pistachio,kirmizi 1049.jpg
Kirmizi_Pistachio,kirmizi 105.jpg
Kirmizi_Pistachio,kirmizi 1050.jpg
Kirmizi_Pistachio,kirmizi 1051.jpg
Kirmizi_Pistachio,kirmizi 1052.jpg
Kirmizi_Pistachio,kirmizi 1053.jpg
Kirmizi_Pistachio,kirmizi 1054.jpg
Kirmizi_Pistachio,kirmizi 1055.jpg
Kirmizi_Pistachio,kirmizi 1056.jpg
Kirmizi_Pistachio,kirmizi 1057.jpg
Kirmizi_Pistachio,kirmizi 1058.jpg
Kirmizi_Pistachio,kirmizi 1059.jpg
Kirmizi_Pistachio,kirmizi 106.jpg
Kirmizi_Pistachio,kirmizi 1060.jpg
Kirmizi_Pistachio,kirmizi 1061.jpg
Kirmizi_Pistachio,kirmizi 1062.jpg
Kirmizi_Pistachio,kirmizi 1063.jpg
Kirmizi_Pistachio,kirmizi 1064.jpg
Kirmizi_Pistachio,kirmizi 1065.jpg
Kirmizi_Pistachio,kirmizi 1066.jpg
Kirmizi_Pistachio,kirmizi 1067.jpg
Kirmizi_Pistachio,kirmizi 1068.jpg
Kirmizi_Pistachio,kirmizi 1069.jpg
Kirmizi_Pistachio,kirmizi 107.jpg
Kirmizi_Pistachio,kirmizi 1070.jpg
Kirmizi_Pistachio,kirmizi 1071.jpg
Kirmizi_Pistachio,kirmizi 1072.jpg
Kirmizi_Pistachio,kirmizi 1073.jpg
Kirmizi_Pistachio,kirmizi 1074.jpg
Kirmizi_Pistachio,kirmizi 1075.jpg
Kirmizi_Pistachio,kirmizi 1076.jpg
Kirmizi_Pistachio,kirmizi 1077.jpg
Kirmizi_Pistachio,kirmizi 1078.jpg
Kirmizi_Pistachio,kirmizi 1079.jpg
Kirmizi_Pistachio,kirmizi 108.jpg
Kirmizi_Pistachio,kirmizi 1080.jpg
Kirmizi_Pistachio,kirmizi 1081.jpg
Kirmizi_Pistachio,kirmizi 1082.jpg
Kirmizi_Pistachio,kirmizi 1083.jpg
Kirmizi_Pistachio,kirmizi 1084.jpg
Kirmizi_Pistachio,kirmizi 1085.jpg
Kirmizi_Pistachio,kirmizi 1086.jpg
Kirmizi_Pistachio,kirmizi 1087.jpg
Kirmizi_Pistachio,kirmizi 1088.jpg
Kirmizi_Pistachio,kirmizi 1089.jpg
Kirmizi_Pistachio,kirmizi 109.jpg
Kirmizi_Pistachio,kirmizi 1090.jpg
Kirmizi_Pistachio,kirmizi 1091.jpg
Kirmizi_Pistachio,kirmizi 1092.jpg
Kirmizi_Pistachio,kirmizi 1093.jpg
Kirmizi_Pistachio,kirmizi 1094.jpg
Kirmizi_Pistachio,kirmizi 1095.jpg
Kirmizi_Pistachio,kirmizi 1096.jpg
Kirmizi_Pistachio,kirmizi 1097.jpg
Kirmizi_Pistachio,kirmizi 1098.jpg
Kirmizi_Pistachio,kirmizi 1099.jpg
Kirmizi_Pistachio,kirmizi 11.jpg
Kirmizi_Pistachio,kirmizi 110.jpg
Kirmizi_Pistachio,kirmizi 1100.jpg
Kirmizi_Pistachio,kirmizi 1101.jpg
Kirmizi_Pistachio,kirmizi 1102.jpg
Kirmizi_Pistachio,kirmizi 1103.jpg
Kirmizi_Pistachio,kirmizi 1104.jpg
Kirmizi_Pistachio,kirmizi 1105.jpg
Kirmizi_Pistachio,kirmizi 1106.jpg
Kirmizi_Pistachio,kirmizi 1107.jpg
Kirmizi_Pistachio,kirmizi 1108.jpg
Kirmizi_Pistachio,kirmizi 1109.jpg
Kirmizi_Pistachio,kirmizi 111.jpg
Kirmizi_Pistachio,kirmizi 1110.jpg
Kirmizi_Pistachio,kirmizi 1111.jpg
Kirmizi_Pistachio,kirmizi 1112.jpg
Kirmizi_Pistachio,kirmizi 1113.jpg
Kirmizi_Pistachio,kirmizi 1114.jpg
Kirmizi_Pistachio,kirmizi 1115.jpg
Kirmizi_Pistachio,kirmizi 1116.jpg
Kirmizi_Pistachio,kirmizi 1117.jpg
Kirmizi_Pistachio,kirmizi 1118.jpg
Kirmizi_Pistachio,kirmizi 1119.jpg
Kirmizi_Pistachio,kirmizi 112.jpg
Kirmizi_Pistachio,kirmizi 1120.jpg
Kirmizi_Pistachio,kirmizi 1121.jpg
Kirmizi_Pistachio,kirmizi 1122.jpg
Kirmizi_Pistachio,kirmizi 1123.jpg
Kirmizi_Pistachio,kirmizi 1124.jpg
Kirmizi_Pistachio,kirmizi 1125.jpg
Kirmizi_Pistachio,kirmizi 1126.jpg
Kirmizi_Pistachio,kirmizi 1127.jpg
Kirmizi_Pistachio,kirmizi 1128.jpg
Kirmizi_Pistachio,kirmizi 1129.jpg
Kirmizi_Pistachio,kirmizi 113.jpg
Kirmizi_Pistachio,kirmizi 1130.jpg
Kirmizi_Pistachio,kirmizi 1131.jpg
Kirmizi_Pistachio,kirmizi 1132.jpg
Kirmizi_Pistachio,kirmizi 1133.jpg
Kirmizi_Pistachio,kirmizi 1134.jpg
Kirmizi_Pistachio,kirmizi 1135.jpg
Kirmizi_Pistachio,kirmizi 1136.jpg
Kirmizi_Pistachio,kirmizi 1137.jpg
Kirmizi_Pistachio,kirmizi 1138.jpg
Kirmizi_Pistachio,kirmizi 1139.jpg
Kirmizi_Pistachio,kirmizi 114.jpg
Kirmizi_Pistachio,kirmizi 1140.jpg
Kirmizi_Pistachio,kirmizi 1141.jpg
Kirmizi_Pistachio,kirmizi 1142.jpg
Kirmizi_Pistachio,kirmizi 1143.jpg
Kirmizi_Pistachio,kirmizi 1144.jpg
Kirmizi_Pistachio,kirmizi 1145.jpg
Kirmizi_Pistachio,kirmizi 1146.jpg
Kirmizi_Pistachio,kirmizi 1147.jpg
Kirmizi_Pistachio,kirmizi 1148.jpg
Kirmizi_Pistachio,kirmizi 1149.jpg
Kirmizi_Pistachio,kirmizi 115.jpg
Kirmizi_Pistachio,kirmizi 1150.jpg
Kirmizi_Pistachio,kirmizi 1151.jpg
Kirmizi_Pistachio,kirmizi 1152.jpg
Kirmizi_Pistachio,kirmizi 1153.jpg
Kirmizi_Pistachio,kirmizi 1154.jpg
Kirmizi_Pistachio,kirmizi 1155.jpg
Kirmizi_Pistachio,kirmizi 1156.jpg
Kirmizi_Pistachio,kirmizi 1157.jpg
Kirmizi_Pistachio,kirmizi 1158.jpg
Kirmizi_Pistachio,kirmizi 1159.jpg
Kirmizi_Pistachio,kirmizi 116.jpg
Kirmizi_Pistachio,kirmizi 1160.jpg
Kirmizi_Pistachio,kirmizi 1161.jpg
Kirmizi_Pistachio,kirmizi 1162.jpg
Kirmizi_Pistachio,kirmizi 1163.jpg
Kirmizi_Pistachio,kirmizi 1164.jpg
Kirmizi_Pistachio,kirmizi 1165.jpg
Kirmizi_Pistachio,kirmizi 1166.jpg
Kirmizi_Pistachio,kirmizi 1167.jpg
Kirmizi_Pistachio,kirmizi 117.jpg
Kirmizi_Pistachio,kirmizi 118.jpg
Kirmizi_Pistachio,kirmizi 119.jpg
Kirmizi_Pistachio,kirmizi 12.jpg
Kirmizi_Pistachio,kirmizi 120.jpg
Kirmizi_Pistachio,kirmizi 121.jpg
Kirmizi_Pistachio,kirmizi 122.jpg
Kirmizi_Pistachio,kirmizi 123.jpg
Kirmizi_Pistachio,kirmizi 124.jpg
Kirmizi_Pistachio,kirmizi 125.jpg
Kirmizi_Pistachio,kirmizi 126.jpg
Kirmizi_Pistachio,kirmizi 127.jpg
Kirmizi_Pistachio,kirmizi 128.jpg
Kirmizi_Pistachio,kirmizi 129.jpg
Kirmizi_Pistachio,kirmizi 13.jpg
Kirmizi_Pistachio,kirmizi 130.jpg
Kirmizi_Pistachio,kirmizi 131.jpg
Kirmizi_Pistachio,kirmizi 132.jpg
Kirmizi_Pistachio,kirmizi 133.jpg
Kirmizi_Pistachio,kirmizi 134.jpg
Kirmizi_Pistachio,kirmizi 135.jpg
Kirmizi_Pistachio,kirmizi 136.jpg
Kirmizi_Pistachio,kirmizi 137.jpg
Kirmizi_Pistachio,kirmizi 138.jpg
Kirmizi_Pistachio,kirmizi 139.jpg
Kirmizi_Pistachio,kirmizi 14.jpg
Kirmizi_Pistachio,kirmizi 140.jpg
Kirmizi_Pistachio,kirmizi 141.jpg
Kirmizi_Pistachio,kirmizi 142.jpg
Kirmizi_Pistachio,kirmizi 143.jpg
Kirmizi_Pistachio,kirmizi 144.jpg
Kirmizi_Pistachio,kirmizi 145.jpg
Kirmizi_Pistachio,kirmizi 146.jpg
Kirmizi_Pistachio,kirmizi 147.jpg
Kirmizi_Pistachio,kirmizi 148.jpg
Kirmizi_Pistachio,kirmizi 149.jpg
Kirmizi_Pistachio,kirmizi 15.jpg
Kirmizi_Pistachio,kirmizi 150.jpg
Kirmizi_Pistachio,kirmizi 151.jpg
Kirmizi_Pistachio,kirmizi 152.jpg
Kirmizi_Pistachio,kirmizi 153.jpg
Kirmizi_Pistachio,kirmizi 154.jpg
Kirmizi_Pistachio,kirmizi 155.jpg
Kirmizi_Pistachio,kirmizi 156.jpg
Kirmizi_Pistachio,kirmizi 157.jpg
Kirmizi_Pistachio,kirmizi 158.jpg
Kirmizi_Pistachio,kirmizi 159.jpg
Kirmizi_Pistachio,kirmizi 16.jpg
Kirmizi_Pistachio,kirmizi 160.jpg
Kirmizi_Pistachio,kirmizi 161.jpg
Kirmizi_Pistachio,kirmizi 162.jpg
Kirmizi_Pistachio,kirmizi 163.jpg
Kirmizi_Pistachio,kirmizi 164.jpg
Kirmizi_Pistachio,kirmizi 165.jpg
Kirmizi_Pistachio,kirmizi 166.jpg
Kirmizi_Pistachio,kirmizi 167.jpg
Kirmizi_Pistachio,kirmizi 168.jpg
Kirmizi_Pistachio,kirmizi 169.jpg
Kirmizi_Pistachio,kirmizi 17.jpg
Kirmizi_Pistachio,kirmizi 170.jpg
Kirmizi_Pistachio,kirmizi 171.jpg
Kirmizi_Pistachio,kirmizi 172.jpg
Kirmizi_Pistachio,kirmizi 173.jpg
Kirmizi_Pistachio,kirmizi 174.jpg
Kirmizi_Pistachio,kirmizi 175.jpg
Kirmizi_Pistachio,kirmizi 176.jpg
Kirmizi_Pistachio,kirmizi 177.jpg
Kirmizi_Pistachio,kirmizi 178.jpg
Kirmizi_Pistachio,kirmizi 179.jpg
Kirmizi_Pistachio,kirmizi 18.jpg
Kirmizi_Pistachio,kirmizi 180.jpg
Kirmizi_Pistachio,kirmizi 181.jpg
Kirmizi_Pistachio,kirmizi 182.jpg
Kirmizi_Pistachio,kirmizi 183.jpg
Kirmizi_Pistachio,kirmizi 184.jpg
Kirmizi_Pistachio,kirmizi 185.jpg
Kirmizi_Pistachio,kirmizi 186.jpg
Kirmizi_Pistachio,kirmizi 187.jpg
Kirmizi_Pistachio,kirmizi 188.jpg
Kirmizi_Pistachio,kirmizi 189.jpg
Kirmizi_Pistachio,kirmizi 19.jpg
Kirmizi_Pistachio,kirmizi 190.jpg
Kirmizi_Pistachio,kirmizi 191.jpg
Kirmizi_Pistachio,kirmizi 192.jpg
Kirmizi_Pistachio,kirmizi 193.jpg
Kirmizi_Pistachio,kirmizi 194.jpg
Kirmizi_Pistachio,kirmizi 195.jpg
Kirmizi_Pistachio,kirmizi 196.jpg
Kirmizi_Pistachio,kirmizi 197.jpg
Kirmizi_Pistachio,kirmizi 198.jpg
Kirmizi_Pistachio,kirmizi 199.jpg
Kirmizi_Pistachio,kirmizi 2.jpg
Kirmizi_Pistachio,kirmizi 20.jpg
Kirmizi_Pistachio,kirmizi 200.jpg
Kirmizi_Pistachio,kirmizi 201.jpg
Kirmizi_Pistachio,kirmizi 202.jpg
Kirmizi_Pistachio,kirmizi 203.jpg
Kirmizi_Pistachio,kirmizi 204.jpg
Kirmizi_Pistachio,kirmizi 205.jpg
Kirmizi_Pistachio,kirmizi 206.jpg
Kirmizi_Pistachio,kirmizi 207.jpg
Kirmizi_Pistachio,kirmizi 208.jpg
Kirmizi_Pistachio,kirmizi 209.jpg
Kirmizi_Pistachio,kirmizi 21.jpg
Kirmizi_Pistachio,kirmizi 210.jpg
Kirmizi_Pistachio,kirmizi 211.jpg
Kirmizi_Pistachio,kirmizi 212.jpg
Kirmizi_Pistachio,kirmizi 213.jpg
Kirmizi_Pistachio,kirmizi 214.jpg
Kirmizi_Pistachio,kirmizi 215.jpg
Kirmizi_Pistachio,kirmizi 216.jpg
Kirmizi_Pistachio,kirmizi 217.jpg
Kirmizi_Pistachio,kirmizi 218.jpg
Kirmizi_Pistachio,kirmizi 219.jpg
Kirmizi_Pistachio,kirmizi 22.jpg
Kirmizi_Pistachio,kirmizi 220.jpg
Kirmizi_Pistachio,kirmizi 221.jpg
Kirmizi_Pistachio,kirmizi 222.jpg
Kirmizi_Pistachio,kirmizi 223.jpg
Kirmizi_Pistachio,kirmizi 224.jpg
Kirmizi_Pistachio,kirmizi 225.jpg
Kirmizi_Pistachio,kirmizi 226.jpg
Kirmizi_Pistachio,kirmizi 227.jpg
Kirmizi_Pistachio,kirmizi 228.jpg
Kirmizi_Pistachio,kirmizi 229.jpg
Kirmizi_Pistachio,kirmizi 23.jpg
Kirmizi_Pistachio,kirmizi 230.jpg
Kirmizi_Pistachio,kirmizi 231.jpg
Kirmizi_Pistachio,kirmizi 232.jpg
Kirmizi_Pistachio,kirmizi 233.jpg
Kirmizi_Pistachio,kirmizi 234.jpg
Kirmizi_Pistachio,kirmizi 235.jpg
Kirmizi_Pistachio,kirmizi 236.jpg
Kirmizi_Pistachio,kirmizi 237.jpg
Kirmizi_Pistachio,kirmizi 238.jpg
Kirmizi_Pistachio,kirmizi 239.jpg
Kirmizi_Pistachio,kirmizi 24.jpg
Kirmizi_Pistachio,kirmizi 240.jpg
Kirmizi_Pistachio,kirmizi 241.jpg
Kirmizi_Pistachio,kirmizi 242.jpg
Kirmizi_Pistachio,kirmizi 243.jpg
Kirmizi_Pistachio,kirmizi 244.jpg
Kirmizi_Pistachio,kirmizi 245.jpg
Kirmizi_Pistachio,kirmizi 246.jpg
Kirmizi_Pistachio,kirmizi 247.jpg
Kirmizi_Pistachio,kirmizi 248.jpg
Kirmizi_Pistachio,kirmizi 249.jpg
Kirmizi_Pistachio,kirmizi 25.jpg
Kirmizi_Pistachio,kirmizi 250.jpg
Kirmizi_Pistachio,kirmizi 251.jpg
Kirmizi_Pistachio,kirmizi 252.jpg
Kirmizi_Pistachio,kirmizi 253.jpg
Kirmizi_Pistachio,kirmizi 254.jpg
Kirmizi_Pistachio,kirmizi 255.jpg
Kirmizi_Pistachio,kirmizi 256.jpg
Kirmizi_Pistachio,kirmizi 257.jpg
Kirmizi_Pistachio,kirmizi 258.jpg
Kirmizi_Pistachio,kirmizi 259.jpg
Kirmizi_Pistachio,kirmizi 26.jpg
Kirmizi_Pistachio,kirmizi 260.jpg
Kirmizi_Pistachio,kirmizi 261.jpg
Kirmizi_Pistachio,kirmizi 262.jpg
Kirmizi_Pistachio,kirmizi 263.jpg
Kirmizi_Pistachio,kirmizi 264.jpg
Kirmizi_Pistachio,kirmizi 265.jpg
Kirmizi_Pistachio,kirmizi 266.jpg
Kirmizi_Pistachio,kirmizi 267.jpg
Kirmizi_Pistachio,kirmizi 268.jpg
Kirmizi_Pistachio,kirmizi 269.jpg
Kirmizi_Pistachio,kirmizi 27.jpg
Kirmizi_Pistachio,kirmizi 270.jpg
Kirmizi_Pistachio,kirmizi 271.jpg
Kirmizi_Pistachio,kirmizi 272.jpg
Kirmizi_Pistachio,kirmizi 273.jpg
Kirmizi_Pistachio,kirmizi 274.jpg
Kirmizi_Pistachio,kirmizi 275.jpg
Kirmizi_Pistachio,kirmizi 276.jpg
Kirmizi_Pistachio,kirmizi 277.jpg
Kirmizi_Pistachio,kirmizi 278.jpg
Kirmizi_Pistachio,kirmizi 279.jpg
Kirmizi_Pistachio,kirmizi 28.jpg
Kirmizi_Pistachio,kirmizi 280.jpg
Kirmizi_Pistachio,kirmizi 281.jpg
Kirmizi_Pistachio,kirmizi 282.jpg
Kirmizi_Pistachio,kirmizi 283.jpg
Kirmizi_Pistachio,kirmizi 284.jpg
Kirmizi_Pistachio,kirmizi 285.jpg
Kirmizi_Pistachio,kirmizi 286.jpg
Kirmizi_Pistachio,kirmizi 287.jpg
Kirmizi_Pistachio,kirmizi 288.jpg
Kirmizi_Pistachio,kirmizi 289.jpg
Kirmizi_Pistachio,kirmizi 29.jpg
Kirmizi_Pistachio,kirmizi 290.jpg
Kirmizi_Pistachio,kirmizi 291.jpg
Kirmizi_Pistachio,kirmizi 292.jpg
Kirmizi_Pistachio,kirmizi 293.jpg
Kirmizi_Pistachio,kirmizi 294.jpg
Kirmizi_Pistachio,kirmizi 295.jpg
Kirmizi_Pistachio,kirmizi 296.jpg
Kirmizi_Pistachio,kirmizi 297.jpg
Kirmizi_Pistachio,kirmizi 298.jpg
Kirmizi_Pistachio,kirmizi 299.jpg
Kirmizi_Pistachio,kirmizi 3.jpg
Kirmizi_Pistachio,kirmizi 30.jpg
Kirmizi_Pistachio,kirmizi 300.jpg
Kirmizi_Pistachio,kirmizi 301.jpg
Kirmizi_Pistachio,kirmizi 302.jpg
Kirmizi_Pistachio,kirmizi 303.jpg
Kirmizi_Pistachio,kirmizi 304.jpg
Kirmizi_Pistachio,kirmizi 305.jpg
Kirmizi_Pistachio,kirmizi 306.jpg
Kirmizi_Pistachio,kirmizi 307.jpg
Kirmizi_Pistachio,kirmizi 308.jpg
Kirmizi_Pistachio,kirmizi 309.jpg
Kirmizi_Pistachio,kirmizi 31.jpg
Kirmizi_Pistachio,kirmizi 310.jpg
Kirmizi_Pistachio,kirmizi 311.jpg
Kirmizi_Pistachio,kirmizi 312.jpg
Kirmizi_Pistachio,kirmizi 313.jpg
Kirmizi_Pistachio,kirmizi 314.jpg
Kirmizi_Pistachio,kirmizi 315.jpg
Kirmizi_Pistachio,kirmizi 316.jpg
Kirmizi_Pistachio,kirmizi 317.jpg
Kirmizi_Pistachio,kirmizi 318.jpg
Kirmizi_Pistachio,kirmizi 319.jpg
Kirmizi_Pistachio,kirmizi 32.jpg
Kirmizi_Pistachio,kirmizi 320.jpg
Kirmizi_Pistachio,kirmizi 321.jpg
Kirmizi_Pistachio,kirmizi 322.jpg
Kirmizi_Pistachio,kirmizi 323.jpg
Kirmizi_Pistachio,kirmizi 324.jpg
Kirmizi_Pistachio,kirmizi 325.jpg
Kirmizi_Pistachio,kirmizi 326.jpg
Kirmizi_Pistachio,kirmizi 327.jpg
Kirmizi_Pistachio,kirmizi 328.jpg
Kirmizi_Pistachio,kirmizi 329.jpg
Kirmizi_Pistachio,kirmizi 33.jpg
Kirmizi_Pistachio,kirmizi 330.jpg
Kirmizi_Pistachio,kirmizi 331.jpg
Kirmizi_Pistachio,kirmizi 332.jpg
Kirmizi_Pistachio,kirmizi 333.jpg
Kirmizi_Pistachio,kirmizi 334.jpg
Kirmizi_Pistachio,kirmizi 335.jpg
Kirmizi_Pistachio,kirmizi 336.jpg
Kirmizi_Pistachio,kirmizi 337.jpg
Kirmizi_Pistachio,kirmizi 338.jpg
Kirmizi_Pistachio,kirmizi 339.jpg
Kirmizi_Pistachio,kirmizi 34.jpg
Kirmizi_Pistachio,kirmizi 340.jpg
Kirmizi_Pistachio,kirmizi 341.jpg
Kirmizi_Pistachio,kirmizi 342.jpg
Kirmizi_Pistachio,kirmizi 343.jpg
Kirmizi_Pistachio,kirmizi 344.jpg
Kirmizi_Pistachio,kirmizi 345.jpg
Kirmizi_Pistachio,kirmizi 346.jpg
Kirmizi_Pistachio,kirmizi 347.jpg
Kirmizi_Pistachio,kirmizi 348.jpg
Kirmizi_Pistachio,kirmizi 349.jpg
Kirmizi_Pistachio,kirmizi 35.jpg
Kirmizi_Pistachio,kirmizi 350.jpg
Kirmizi_Pistachio,kirmizi 351.jpg
Kirmizi_Pistachio,kirmizi 352.jpg
Kirmizi_Pistachio,kirmizi 353.jpg
Kirmizi_Pistachio,kirmizi 354.jpg
Kirmizi_Pistachio,kirmizi 355.jpg
Kirmizi_Pistachio,kirmizi 356.jpg
Kirmizi_Pistachio,kirmizi 357.jpg
Kirmizi_Pistachio,kirmizi 358.jpg
Kirmizi_Pistachio,kirmizi 359.jpg
Kirmizi_Pistachio,kirmizi 36.jpg
Kirmizi_Pistachio,kirmizi 360.jpg
Kirmizi_Pistachio,kirmizi 361.jpg
Kirmizi_Pistachio,kirmizi 362.jpg
Kirmizi_Pistachio,kirmizi 363.jpg
Kirmizi_Pistachio,kirmizi 364.jpg
Kirmizi_Pistachio,kirmizi 365.jpg
Kirmizi_Pistachio,kirmizi 366.jpg
Kirmizi_Pistachio,kirmizi 367.jpg
Kirmizi_Pistachio,kirmizi 368.jpg
Kirmizi_Pistachio,kirmizi 369.jpg
Kirmizi_Pistachio,kirmizi 37.jpg
Kirmizi_Pistachio,kirmizi 370.jpg
Kirmizi_Pistachio,kirmizi 371.jpg
Kirmizi_Pistachio,kirmizi 372.jpg
Kirmizi_Pistachio,kirmizi 373.jpg
Kirmizi_Pistachio,kirmizi 374.jpg
Kirmizi_Pistachio,kirmizi 375.jpg
Kirmizi_Pistachio,kirmizi 376.jpg
Kirmizi_Pistachio,kirmizi 377.jpg
Kirmizi_Pistachio,kirmizi 378.jpg
Kirmizi_Pistachio,kirmizi 379.jpg
Kirmizi_Pistachio,kirmizi 38.jpg
Kirmizi_Pistachio,kirmizi 380.jpg
Kirmizi_Pistachio,kirmizi 381.jpg
Kirmizi_Pistachio,kirmizi 382.jpg
Kirmizi_Pistachio,kirmizi 383.jpg
Kirmizi_Pistachio,kirmizi 384.jpg
Kirmizi_Pistachio,kirmizi 385.jpg
Kirmizi_Pistachio,kirmizi 386.jpg
Kirmizi_Pistachio,kirmizi 387.jpg
Kirmizi_Pistachio,kirmizi 388.jpg
Kirmizi_Pistachio,kirmizi 389.jpg
Kirmizi_Pistachio,kirmizi 39.jpg
Kirmizi_Pistachio,kirmizi 390.jpg
Kirmizi_Pistachio,kirmizi 391.jpg
Kirmizi_Pistachio,kirmizi 392.jpg
Kirmizi_Pistachio,kirmizi 393.jpg
Kirmizi_Pistachio,kirmizi 394.jpg
Kirmizi_Pistachio,kirmizi 395.jpg
Kirmizi_Pistachio,kirmizi 396.jpg
Kirmizi_Pistachio,kirmizi 397.jpg
Kirmizi_Pistachio,kirmizi 398.jpg
Kirmizi_Pistachio,kirmizi 399.jpg
Kirmizi_Pistachio,kirmizi 4.jpg
Kirmizi_Pistachio,kirmizi 40.jpg
Kirmizi_Pistachio,kirmizi 400.jpg
Kirmizi_Pistachio,kirmizi 401.jpg
Kirmizi_Pistachio,kirmizi 402.jpg
Kirmizi_Pistachio,kirmizi 403.jpg
Kirmizi_Pistachio,kirmizi 404.jpg
Kirmizi_Pistachio,kirmizi 405.jpg
Kirmizi_Pistachio,kirmizi 406.jpg
Kirmizi_Pistachio,kirmizi 407.jpg
Kirmizi_Pistachio,kirmizi 408.jpg
Kirmizi_Pistachio,kirmizi 409.jpg
Kirmizi_Pistachio,kirmizi 41.jpg
Kirmizi_Pistachio,kirmizi 410.jpg
Kirmizi_Pistachio,kirmizi 411.jpg
Kirmizi_Pistachio,kirmizi 412.jpg
Kirmizi_Pistachio,kirmizi 413.jpg
Kirmizi_Pistachio,kirmizi 414.jpg
Kirmizi_Pistachio,kirmizi 415.jpg
Kirmizi_Pistachio,kirmizi 416.jpg
Kirmizi_Pistachio,kirmizi 417.jpg
Kirmizi_Pistachio,kirmizi 418.jpg
Kirmizi_Pistachio,kirmizi 419.jpg
Kirmizi_Pistachio,kirmizi 42.jpg
Kirmizi_Pistachio,kirmizi 420.jpg
Kirmizi_Pistachio,kirmizi 421.jpg
Kirmizi_Pistachio,kirmizi 422.jpg
Kirmizi_Pistachio,kirmizi 423.jpg
Kirmizi_Pistachio,kirmizi 424.jpg
Kirmizi_Pistachio,kirmizi 425.jpg
Kirmizi_Pistachio,kirmizi 426.jpg
Kirmizi_Pistachio,kirmizi 427.jpg
Kirmizi_Pistachio,kirmizi 428.jpg
Kirmizi_Pistachio,kirmizi 429.jpg
Kirmizi_Pistachio,kirmizi 43.jpg
Kirmizi_Pistachio,kirmizi 430.jpg
Kirmizi_Pistachio,kirmizi 431.jpg
Kirmizi_Pistachio,kirmizi 432.jpg
Kirmizi_Pistachio,kirmizi 433.jpg
Kirmizi_Pistachio,kirmizi 434.jpg
Kirmizi_Pistachio,kirmizi 435.jpg
Kirmizi_Pistachio,kirmizi 436.jpg
Kirmizi_Pistachio,kirmizi 437.jpg
Kirmizi_Pistachio,kirmizi 438.jpg
Kirmizi_Pistachio,kirmizi 439.jpg
Kirmizi_Pistachio,kirmizi 44.jpg
Kirmizi_Pistachio,kirmizi 440.jpg
Kirmizi_Pistachio,kirmizi 441.jpg
Kirmizi_Pistachio,kirmizi 442.jpg
Kirmizi_Pistachio,kirmizi 443.jpg
Kirmizi_Pistachio,kirmizi 444.jpg
Kirmizi_Pistachio,kirmizi 445.jpg
Kirmizi_Pistachio,kirmizi 446.jpg
Kirmizi_Pistachio,kirmizi 447.jpg
Kirmizi_Pistachio,kirmizi 448.jpg
Kirmizi_Pistachio,kirmizi 449.jpg
Kirmizi_Pistachio,kirmizi 45.jpg
Kirmizi_Pistachio,kirmizi 450.jpg
Kirmizi_Pistachio,kirmizi 451.jpg
Kirmizi_Pistachio,kirmizi 452.jpg
Kirmizi_Pistachio,kirmizi 453.jpg
Kirmizi_Pistachio,kirmizi 454.jpg
Kirmizi_Pistachio,kirmizi 455.jpg
Kirmizi_Pistachio,kirmizi 456.jpg
Kirmizi_Pistachio,kirmizi 457.jpg
Kirmizi_Pistachio,kirmizi 458.jpg
Kirmizi_Pistachio,kirmizi 459.jpg
Kirmizi_Pistachio,kirmizi 46.jpg
Kirmizi_Pistachio,kirmizi 460.jpg
Kirmizi_Pistachio,kirmizi 461.jpg
Kirmizi_Pistachio,kirmizi 462.jpg
Kirmizi_Pistachio,kirmizi 463.jpg
Kirmizi_Pistachio,kirmizi 464.jpg
Kirmizi_Pistachio,kirmizi 465.jpg
Kirmizi_Pistachio,kirmizi 466.jpg
Kirmizi_Pistachio,kirmizi 467.jpg
Kirmizi_Pistachio,kirmizi 468.jpg
Kirmizi_Pistachio,kirmizi 469.jpg
Kirmizi_Pistachio,kirmizi 47.jpg
Kirmizi_Pistachio,kirmizi 470.jpg
Kirmizi_Pistachio,kirmizi 471.jpg
Kirmizi_Pistachio,kirmizi 472.jpg
Kirmizi_Pistachio,kirmizi 473.jpg
Kirmizi_Pistachio,kirmizi 474.jpg
Kirmizi_Pistachio,kirmizi 475.jpg
Kirmizi_Pistachio,kirmizi 476.jpg
Kirmizi_Pistachio,kirmizi 477.jpg
Kirmizi_Pistachio,kirmizi 478.jpg
Kirmizi_Pistachio,kirmizi 479.jpg
Kirmizi_Pistachio,kirmizi 48.jpg
Kirmizi_Pistachio,kirmizi 480.jpg
Kirmizi_Pistachio,kirmizi 481.jpg
Kirmizi_Pistachio,kirmizi 482.jpg
Kirmizi_Pistachio,kirmizi 483.jpg
Kirmizi_Pistachio,kirmizi 484.jpg
Kirmizi_Pistachio,kirmizi 485.jpg
Kirmizi_Pistachio,kirmizi 486.jpg
Kirmizi_Pistachio,kirmizi 487.jpg
Kirmizi_Pistachio,kirmizi 488.jpg
Kirmizi_Pistachio,kirmizi 489.jpg
Kirmizi_Pistachio,kirmizi 49.jpg
Kirmizi_Pistachio,kirmizi 490.jpg
Kirmizi_Pistachio,kirmizi 491.jpg
Kirmizi_Pistachio,kirmizi 492.jpg
Kirmizi_Pistachio,kirmizi 493.jpg
Kirmizi_Pistachio,kirmizi 494.jpg
Kirmizi_Pistachio,kirmizi 495.jpg
Kirmizi_Pistachio,kirmizi 496.jpg
Kirmizi_Pistachio,kirmizi 497.jpg
Kirmizi_Pistachio,kirmizi 498.jpg
Kirmizi_Pistachio,kirmizi 499.jpg
Kirmizi_Pistachio,kirmizi 5.jpg
Kirmizi_Pistachio,kirmizi 50.jpg
Kirmizi_Pistachio,kirmizi 500.jpg
Kirmizi_Pistachio,kirmizi 501.jpg
Kirmizi_Pistachio,kirmizi 502.jpg
Kirmizi_Pistachio,kirmizi 503.jpg
Kirmizi_Pistachio,kirmizi 504.jpg
Kirmizi_Pistachio,kirmizi 505.jpg
Kirmizi_Pistachio,kirmizi 506.jpg
Kirmizi_Pistachio,kirmizi 507.jpg
Kirmizi_Pistachio,kirmizi 508.jpg
Kirmizi_Pistachio,kirmizi 509.jpg
Kirmizi_Pistachio,kirmizi 51.jpg
Kirmizi_Pistachio,kirmizi 510.jpg
Kirmizi_Pistachio,kirmizi 511.jpg
Kirmizi_Pistachio,kirmizi 512.jpg
Kirmizi_Pistachio,kirmizi 513.jpg
Kirmizi_Pistachio,kirmizi 514.jpg
Kirmizi_Pistachio,kirmizi 515.jpg
Kirmizi_Pistachio,kirmizi 516.jpg
Kirmizi_Pistachio,kirmizi 517.jpg
Kirmizi_Pistachio,kirmizi 518.jpg
Kirmizi_Pistachio,kirmizi 519.jpg
Kirmizi_Pistachio,kirmizi 52.jpg
Kirmizi_Pistachio,kirmizi 520.jpg
Kirmizi_Pistachio,kirmizi 521.jpg
Kirmizi_Pistachio,kirmizi 522.jpg
Kirmizi_Pistachio,kirmizi 523.jpg
Kirmizi_Pistachio,kirmizi 524.jpg
Kirmizi_Pistachio,kirmizi 525.jpg
Kirmizi_Pistachio,kirmizi 526.jpg
Kirmizi_Pistachio,kirmizi 527.jpg
Kirmizi_Pistachio,kirmizi 528.jpg
Kirmizi_Pistachio,kirmizi 529.jpg
Kirmizi_Pistachio,kirmizi 53.jpg
Kirmizi_Pistachio,kirmizi 530.jpg
Kirmizi_Pistachio,kirmizi 531.jpg
Kirmizi_Pistachio,kirmizi 532.jpg
Kirmizi_Pistachio,kirmizi 533.jpg
Kirmizi_Pistachio,kirmizi 534.jpg
Kirmizi_Pistachio,kirmizi 535.jpg
Kirmizi_Pistachio,kirmizi 536.jpg
Kirmizi_Pistachio,kirmizi 537.jpg
Kirmizi_Pistachio,kirmizi 538.jpg
Kirmizi_Pistachio,kirmizi 539.jpg
Kirmizi_Pistachio,kirmizi 54.jpg
Kirmizi_Pistachio,kirmizi 540.jpg
Kirmizi_Pistachio,kirmizi 541.jpg
Kirmizi_Pistachio,kirmizi 542.jpg
Kirmizi_Pistachio,kirmizi 543.jpg
Kirmizi_Pistachio,kirmizi 544.jpg
Kirmizi_Pistachio,kirmizi 545.jpg
Kirmizi_Pistachio,kirmizi 546.jpg
Kirmizi_Pistachio,kirmizi 547.jpg
Kirmizi_Pistachio,kirmizi 548.jpg
Kirmizi_Pistachio,kirmizi 549.jpg
Kirmizi_Pistachio,kirmizi 55.jpg
Kirmizi_Pistachio,kirmizi 550.jpg
Kirmizi_Pistachio,kirmizi 551.jpg
Kirmizi_Pistachio,kirmizi 552.jpg
Kirmizi_Pistachio,kirmizi 553.jpg
Kirmizi_Pistachio,kirmizi 554.jpg
Kirmizi_Pistachio,kirmizi 555.jpg
Kirmizi_Pistachio,kirmizi 556.jpg
Kirmizi_Pistachio,kirmizi 557.jpg
Kirmizi_Pistachio,kirmizi 558.jpg
Kirmizi_Pistachio,kirmizi 559.jpg
Kirmizi_Pistachio,kirmizi 56.jpg
Kirmizi_Pistachio,kirmizi 560.jpg
Kirmizi_Pistachio,kirmizi 561.jpg
Kirmizi_Pistachio,kirmizi 562.jpg
Kirmizi_Pistachio,kirmizi 563.jpg
Kirmizi_Pistachio,kirmizi 564.jpg
Kirmizi_Pistachio,kirmizi 565.jpg
Kirmizi_Pistachio,kirmizi 566.jpg
Kirmizi_Pistachio,kirmizi 567.jpg
Kirmizi_Pistachio,kirmizi 568.jpg
Kirmizi_Pistachio,kirmizi 569.jpg
Kirmizi_Pistachio,kirmizi 57.jpg
Kirmizi_Pistachio,kirmizi 570.jpg
Kirmizi_Pistachio,kirmizi 571.jpg
Kirmizi_Pistachio,kirmizi 572.jpg
Kirmizi_Pistachio,kirmizi 573.jpg
Kirmizi_Pistachio,kirmizi 574.jpg
Kirmizi_Pistachio,kirmizi 575.jpg
Kirmizi_Pistachio,kirmizi 576.jpg
Kirmizi_Pistachio,kirmizi 577.jpg
Kirmizi_Pistachio,kirmizi 578.jpg
Kirmizi_Pistachio,kirmizi 579.jpg
Kirmizi_Pistachio,kirmizi 58.jpg
Kirmizi_Pistachio,kirmizi 580.jpg
Kirmizi_Pistachio,kirmizi 581.jpg
Kirmizi_Pistachio,kirmizi 582.jpg
Kirmizi_Pistachio,kirmizi 583.jpg
Kirmizi_Pistachio,kirmizi 584.jpg
Kirmizi_Pistachio,kirmizi 585.jpg
Kirmizi_Pistachio,kirmizi 586.jpg
Kirmizi_Pistachio,kirmizi 587.jpg
Kirmizi_Pistachio,kirmizi 588.jpg
Kirmizi_Pistachio,kirmizi 589.jpg
Kirmizi_Pistachio,kirmizi 59.jpg
Kirmizi_Pistachio,kirmizi 590.jpg
Kirmizi_Pistachio,kirmizi 591.jpg
Kirmizi_Pistachio,kirmizi 592.jpg
Kirmizi_Pistachio,kirmizi 593.jpg
Kirmizi_Pistachio,kirmizi 594.jpg
Kirmizi_Pistachio,kirmizi 595.jpg
Kirmizi_Pistachio,kirmizi 596.jpg
Kirmizi_Pistachio,kirmizi 597.jpg
Kirmizi_Pistachio,kirmizi 598.jpg
Kirmizi_Pistachio,kirmizi 599.jpg
Kirmizi_Pistachio,kirmizi 6.jpg
Kirmizi_Pistachio,kirmizi 60.jpg
Kirmizi_Pistachio,kirmizi 600.jpg
Kirmizi_Pistachio,kirmizi 601.jpg
Kirmizi_Pistachio,kirmizi 602.jpg
Kirmizi_Pistachio,kirmizi 603.jpg
Kirmizi_Pistachio,kirmizi 604.jpg
Kirmizi_Pistachio,kirmizi 605.jpg
Kirmizi_Pistachio,kirmizi 606.jpg
Kirmizi_Pistachio,kirmizi 607.jpg
Kirmizi_Pistachio,kirmizi 608.jpg
Kirmizi_Pistachio,kirmizi 609.jpg
Kirmizi_Pistachio,kirmizi 61.jpg
Kirmizi_Pistachio,kirmizi 610.jpg
Kirmizi_Pistachio,kirmizi 611.jpg
Kirmizi_Pistachio,kirmizi 612.jpg
Kirmizi_Pistachio,kirmizi 613.jpg
Kirmizi_Pistachio,kirmizi 614.jpg
Kirmizi_Pistachio,kirmizi 615.jpg
Kirmizi_Pistachio,kirmizi 616.jpg
Kirmizi_Pistachio,kirmizi 617.jpg
Kirmizi_Pistachio,kirmizi 618.jpg
Kirmizi_Pistachio,kirmizi 619.jpg
Kirmizi_Pistachio,kirmizi 62.jpg
Kirmizi_Pistachio,kirmizi 620.jpg
Kirmizi_Pistachio,kirmizi 621.jpg
Kirmizi_Pistachio,kirmizi 622.jpg
Kirmizi_Pistachio,kirmizi 623.jpg
Kirmizi_Pistachio,kirmizi 624.jpg
Kirmizi_Pistachio,kirmizi 625.jpg
Kirmizi_Pistachio,kirmizi 626.jpg
Kirmizi_Pistachio,kirmizi 627.jpg
Kirmizi_Pistachio,kirmizi 628.jpg
Kirmizi_Pistachio,kirmizi 629.jpg
Kirmizi_Pistachio,kirmizi 63.jpg
Kirmizi_Pistachio,kirmizi 630.jpg
Kirmizi_Pistachio,kirmizi 631.jpg
Kirmizi_Pistachio,kirmizi 632.jpg
Kirmizi_Pistachio,kirmizi 633.jpg
Kirmizi_Pistachio,kirmizi 634.jpg
Kirmizi_Pistachio,kirmizi 635.jpg
Kirmizi_Pistachio,kirmizi 636.jpg
Kirmizi_Pistachio,kirmizi 637.jpg
Kirmizi_Pistachio,kirmizi 638.jpg
Kirmizi_Pistachio,kirmizi 639.jpg
Kirmizi_Pistachio,kirmizi 64.jpg
Kirmizi_Pistachio,kirmizi 640.jpg
Kirmizi_Pistachio,kirmizi 641.jpg
Kirmizi_Pistachio,kirmizi 642.jpg
Kirmizi_Pistachio,kirmizi 643.jpg
Kirmizi_Pistachio,kirmizi 644.jpg
Kirmizi_Pistachio,kirmizi 645.jpg
Kirmizi_Pistachio,kirmizi 646.jpg
Kirmizi_Pistachio,kirmizi 647.jpg
Kirmizi_Pistachio,kirmizi 648.jpg
Kirmizi_Pistachio,kirmizi 649.jpg
Kirmizi_Pistachio,kirmizi 65.jpg
Kirmizi_Pistachio,kirmizi 650.jpg
Kirmizi_Pistachio,kirmizi 651.jpg
Kirmizi_Pistachio,kirmizi 652.jpg
Kirmizi_Pistachio,kirmizi 653.jpg
Kirmizi_Pistachio,kirmizi 654.jpg
Kirmizi_Pistachio,kirmizi 655.jpg
Kirmizi_Pistachio,kirmizi 656.jpg
Kirmizi_Pistachio,kirmizi 657.jpg
Kirmizi_Pistachio,kirmizi 658.jpg
Kirmizi_Pistachio,kirmizi 659.jpg
Kirmizi_Pistachio,kirmizi 66.jpg
Kirmizi_Pistachio,kirmizi 660.jpg
Kirmizi_Pistachio,kirmizi 661.jpg
Kirmizi_Pistachio,kirmizi 662.jpg
Kirmizi_Pistachio,kirmizi 663.jpg
Kirmizi_Pistachio,kirmizi 664.jpg
Kirmizi_Pistachio,kirmizi 665.jpg
Kirmizi_Pistachio,kirmizi 666.jpg
Kirmizi_Pistachio,kirmizi 667.jpg
Kirmizi_Pistachio,kirmizi 668.jpg
Kirmizi_Pistachio,kirmizi 669.jpg
Kirmizi_Pistachio,kirmizi 67.jpg
Kirmizi_Pistachio,kirmizi 670.jpg
Kirmizi_Pistachio,kirmizi 671.jpg
Kirmizi_Pistachio,kirmizi 672.jpg
Kirmizi_Pistachio,kirmizi 673.jpg
Kirmizi_Pistachio,kirmizi 674.jpg
Kirmizi_Pistachio,kirmizi 675.jpg
Kirmizi_Pistachio,kirmizi 676.jpg
Kirmizi_Pistachio,kirmizi 677.jpg
Kirmizi_Pistachio,kirmizi 678.jpg
Kirmizi_Pistachio,kirmizi 679.jpg
Kirmizi_Pistachio,kirmizi 68.jpg
Kirmizi_Pistachio,kirmizi 680.jpg
Kirmizi_Pistachio,kirmizi 681.jpg
Kirmizi_Pistachio,kirmizi 682.jpg
Kirmizi_Pistachio,kirmizi 683.jpg
Kirmizi_Pistachio,kirmizi 684.jpg
Kirmizi_Pistachio,kirmizi 685.jpg
Kirmizi_Pistachio,kirmizi 686.jpg
Kirmizi_Pistachio,kirmizi 687.jpg
Kirmizi_Pistachio,kirmizi 688.jpg
Kirmizi_Pistachio,kirmizi 689.jpg
Kirmizi_Pistachio,kirmizi 69.jpg
Kirmizi_Pistachio,kirmizi 690.jpg
Kirmizi_Pistachio,kirmizi 691.jpg
Kirmizi_Pistachio,kirmizi 692.jpg
Kirmizi_Pistachio,kirmizi 693.jpg
Kirmizi_Pistachio,kirmizi 694.jpg
Kirmizi_Pistachio,kirmizi 695.jpg
Kirmizi_Pistachio,kirmizi 696.jpg
Kirmizi_Pistachio,kirmizi 697.jpg
Kirmizi_Pistachio,kirmizi 698.jpg
Kirmizi_Pistachio,kirmizi 699.jpg
Kirmizi_Pistachio,kirmizi 7.jpg
Kirmizi_Pistachio,kirmizi 70.jpg
Kirmizi_Pistachio,kirmizi 700.jpg
Kirmizi_Pistachio,kirmizi 701.jpg
Kirmizi_Pistachio,kirmizi 702.jpg
Kirmizi_Pistachio,kirmizi 703.jpg
Kirmizi_Pistachio,kirmizi 704.jpg
Kirmizi_Pistachio,kirmizi 705.jpg
Kirmizi_Pistachio,kirmizi 706.jpg
Kirmizi_Pistachio,kirmizi 707.jpg
Kirmizi_Pistachio,kirmizi 708.jpg
Kirmizi_Pistachio,kirmizi 709.jpg
Kirmizi_Pistachio,kirmizi 71.jpg
Kirmizi_Pistachio,kirmizi 710.jpg
Kirmizi_Pistachio,kirmizi 711.jpg
Kirmizi_Pistachio,kirmizi 712.jpg
Kirmizi_Pistachio,kirmizi 713.jpg
Kirmizi_Pistachio,kirmizi 714.jpg
Kirmizi_Pistachio,kirmizi 715.jpg
Kirmizi_Pistachio,kirmizi 716.jpg
Kirmizi_Pistachio,kirmizi 717.jpg
Kirmizi_Pistachio,kirmizi 718.jpg
Kirmizi_Pistachio,kirmizi 719.jpg
Kirmizi_Pistachio,kirmizi 72.jpg
Kirmizi_Pistachio,kirmizi 720.jpg
Kirmizi_Pistachio,kirmizi 721.jpg
Kirmizi_Pistachio,kirmizi 722.jpg
Kirmizi_Pistachio,kirmizi 723.jpg
Kirmizi_Pistachio,kirmizi 724.jpg
Kirmizi_Pistachio,kirmizi 725.jpg
Kirmizi_Pistachio,kirmizi 726.jpg
Kirmizi_Pistachio,kirmizi 727.jpg
Kirmizi_Pistachio,kirmizi 728.jpg
Kirmizi_Pistachio,kirmizi 729.jpg
Kirmizi_Pistachio,kirmizi 73.jpg
Kirmizi_Pistachio,kirmizi 730.jpg
Kirmizi_Pistachio,kirmizi 731.jpg
Kirmizi_Pistachio,kirmizi 732.jpg
Kirmizi_Pistachio,kirmizi 733.jpg
Kirmizi_Pistachio,kirmizi 734.jpg
Kirmizi_Pistachio,kirmizi 735.jpg
Kirmizi_Pistachio,kirmizi 736.jpg
Kirmizi_Pistachio,kirmizi 737.jpg
Kirmizi_Pistachio,kirmizi 738.jpg
Kirmizi_Pistachio,kirmizi 739.jpg
Kirmizi_Pistachio,kirmizi 74.jpg
Kirmizi_Pistachio,kirmizi 740.jpg
Kirmizi_Pistachio,kirmizi 741.jpg
Kirmizi_Pistachio,kirmizi 742.jpg
Kirmizi_Pistachio,kirmizi 743.jpg
Kirmizi_Pistachio,kirmizi 744.jpg
Kirmizi_Pistachio,kirmizi 745.jpg
Kirmizi_Pistachio,kirmizi 746.jpg
Kirmizi_Pistachio,kirmizi 747.jpg
Kirmizi_Pistachio,kirmizi 748.jpg
Kirmizi_Pistachio,kirmizi 749.jpg
Kirmizi_Pistachio,kirmizi 75.jpg
Kirmizi_Pistachio,kirmizi 750.jpg
Kirmizi_Pistachio,kirmizi 751.jpg
Kirmizi_Pistachio,kirmizi 752.jpg
Kirmizi_Pistachio,kirmizi 753.jpg
Kirmizi_Pistachio,kirmizi 754.jpg
Kirmizi_Pistachio,kirmizi 755.jpg
Kirmizi_Pistachio,kirmizi 756.jpg
Kirmizi_Pistachio,kirmizi 757.jpg
Kirmizi_Pistachio,kirmizi 758.jpg
Kirmizi_Pistachio,kirmizi 759.jpg
Kirmizi_Pistachio,kirmizi 76.jpg
Kirmizi_Pistachio,kirmizi 760.jpg
Kirmizi_Pistachio,kirmizi 761.jpg
Kirmizi_Pistachio,kirmizi 762.jpg
Kirmizi_Pistachio,kirmizi 763.jpg
Kirmizi_Pistachio,kirmizi 764.jpg
Kirmizi_Pistachio,kirmizi 765.jpg
Kirmizi_Pistachio,kirmizi 766.jpg
Kirmizi_Pistachio,kirmizi 767.jpg
Kirmizi_Pistachio,kirmizi 768.jpg
Kirmizi_Pistachio,kirmizi 769.jpg
Kirmizi_Pistachio,kirmizi 77.jpg
Kirmizi_Pistachio,kirmizi 770.jpg
Kirmizi_Pistachio,kirmizi 771.jpg
Kirmizi_Pistachio,kirmizi 772.jpg
Kirmizi_Pistachio,kirmizi 773.jpg
Kirmizi_Pistachio,kirmizi 774.jpg
Kirmizi_Pistachio,kirmizi 775.jpg
Kirmizi_Pistachio,kirmizi 776.jpg
Kirmizi_Pistachio,kirmizi 777.jpg
Kirmizi_Pistachio,kirmizi 778.jpg
Kirmizi_Pistachio,kirmizi 779.jpg
Kirmizi_Pistachio,kirmizi 78.jpg
Kirmizi_Pistachio,kirmizi 780.jpg
Kirmizi_Pistachio,kirmizi 781.jpg
Kirmizi_Pistachio,kirmizi 782.jpg
Kirmizi_Pistachio,kirmizi 783.jpg
Kirmizi_Pistachio,kirmizi 784.jpg
Kirmizi_Pistachio,kirmizi 785.jpg
Kirmizi_Pistachio,kirmizi 786.jpg
Kirmizi_Pistachio,kirmizi 787.jpg
Kirmizi_Pistachio,kirmizi 788.jpg
Kirmizi_Pistachio,kirmizi 789.jpg
Kirmizi_Pistachio,kirmizi 79.jpg
Kirmizi_Pistachio,kirmizi 790.jpg
Kirmizi_Pistachio,kirmizi 791.jpg
Kirmizi_Pistachio,kirmizi 792.jpg
Kirmizi_Pistachio,kirmizi 793.jpg
Kirmizi_Pistachio,kirmizi 794.jpg
Kirmizi_Pistachio,kirmizi 795.jpg
Kirmizi_Pistachio,kirmizi 796.jpg
Kirmizi_Pistachio,kirmizi 797.jpg
Kirmizi_Pistachio,kirmizi 798.jpg
Kirmizi_Pistachio,kirmizi 799.jpg
Kirmizi_Pistachio,kirmizi 8.jpg
Kirmizi_Pistachio,kirmizi 80.jpg
Kirmizi_Pistachio,kirmizi 800.jpg
Kirmizi_Pistachio,kirmizi 801.jpg
Kirmizi_Pistachio,kirmizi 802.jpg
Kirmizi_Pistachio,kirmizi 803.jpg
Kirmizi_Pistachio,kirmizi 804.jpg
Kirmizi_Pistachio,kirmizi 805.jpg
Kirmizi_Pistachio,kirmizi 806.jpg
Kirmizi_Pistachio,kirmizi 807.jpg
Kirmizi_Pistachio,kirmizi 808.jpg
Kirmizi_Pistachio,kirmizi 809.jpg
Kirmizi_Pistachio,kirmizi 81.jpg
Kirmizi_Pistachio,kirmizi 810.jpg
Kirmizi_Pistachio,kirmizi 811.jpg
Kirmizi_Pistachio,kirmizi 812.jpg
Kirmizi_Pistachio,kirmizi 813.jpg
Kirmizi_Pistachio,kirmizi 814.jpg
Kirmizi_Pistachio,kirmizi 815.jpg
Kirmizi_Pistachio,kirmizi 816.jpg
Kirmizi_Pistachio,kirmizi 817.jpg
Kirmizi_Pistachio,kirmizi 818.jpg
Kirmizi_Pistachio,kirmizi 819.jpg
Kirmizi_Pistachio,kirmizi 82.jpg
Kirmizi_Pistachio,kirmizi 820.jpg
Kirmizi_Pistachio,kirmizi 821.jpg
Kirmizi_Pistachio,kirmizi 822.jpg
Kirmizi_Pistachio,kirmizi 823.jpg
Kirmizi_Pistachio,kirmizi 824.jpg
Kirmizi_Pistachio,kirmizi 825.jpg
Kirmizi_Pistachio,kirmizi 826.jpg
Kirmizi_Pistachio,kirmizi 827.jpg
Kirmizi_Pistachio,kirmizi 828.jpg
Kirmizi_Pistachio,kirmizi 829.jpg
Kirmizi_Pistachio,kirmizi 83.jpg
Kirmizi_Pistachio,kirmizi 830.jpg
Kirmizi_Pistachio,kirmizi 831.jpg
Kirmizi_Pistachio,kirmizi 832.jpg
Kirmizi_Pistachio,kirmizi 833.jpg
Kirmizi_Pistachio,kirmizi 834.jpg
Kirmizi_Pistachio,kirmizi 835.jpg
Kirmizi_Pistachio,kirmizi 836.jpg
Kirmizi_Pistachio,kirmizi 837.jpg
Kirmizi_Pistachio,kirmizi 838.jpg
Kirmizi_Pistachio,kirmizi 839.jpg
Kirmizi_Pistachio,kirmizi 84.jpg
Kirmizi_Pistachio,kirmizi 840.jpg
Kirmizi_Pistachio,kirmizi 841.jpg
Kirmizi_Pistachio,kirmizi 842.jpg
Kirmizi_Pistachio,kirmizi 843.jpg
Kirmizi_Pistachio,kirmizi 844.jpg
Kirmizi_Pistachio,kirmizi 845.jpg
Kirmizi_Pistachio,kirmizi 846.jpg
Kirmizi_Pistachio,kirmizi 847.jpg
Kirmizi_Pistachio,kirmizi 848.jpg
Kirmizi_Pistachio,kirmizi 849.jpg
Kirmizi_Pistachio,kirmizi 85.jpg
Kirmizi_Pistachio,kirmizi 850.jpg
Kirmizi_Pistachio,kirmizi 851.jpg
Kirmizi_Pistachio,kirmizi 852.jpg
Kirmizi_Pistachio,kirmizi 853.jpg
Kirmizi_Pistachio,kirmizi 854.jpg
Kirmizi_Pistachio,kirmizi 855.jpg
Kirmizi_Pistachio,kirmizi 856.jpg
Kirmizi_Pistachio,kirmizi 857.jpg
Kirmizi_Pistachio,kirmizi 858.jpg
Kirmizi_Pistachio,kirmizi 859.jpg
Kirmizi_Pistachio,kirmizi 86.jpg
Kirmizi_Pistachio,kirmizi 860.jpg
Kirmizi_Pistachio,kirmizi 861.jpg
Kirmizi_Pistachio,kirmizi 862.jpg
Kirmizi_Pistachio,kirmizi 863.jpg
Kirmizi_Pistachio,kirmizi 864.jpg
Kirmizi_Pistachio,kirmizi 865.jpg
Kirmizi_Pistachio,kirmizi 866.jpg
Kirmizi_Pistachio,kirmizi 867.jpg
Kirmizi_Pistachio,kirmizi 868.jpg
Kirmizi_Pistachio,kirmizi 869.jpg
Kirmizi_Pistachio,kirmizi 87.jpg
Kirmizi_Pistachio,kirmizi 870.jpg
Kirmizi_Pistachio,kirmizi 871.jpg
Kirmizi_Pistachio,kirmizi 872.jpg
Kirmizi_Pistachio,kirmizi 873.jpg
Kirmizi_Pistachio,kirmizi 874.jpg
Kirmizi_Pistachio,kirmizi 875.jpg
Kirmizi_Pistachio,kirmizi 876.jpg
Kirmizi_Pistachio,kirmizi 877.jpg
Kirmizi_Pistachio,kirmizi 878.jpg
Kirmizi_Pistachio,kirmizi 879.jpg
Kirmizi_Pistachio,kirmizi 88.jpg
Kirmizi_Pistachio,kirmizi 880.jpg
Kirmizi_Pistachio,kirmizi 881.jpg
Kirmizi_Pistachio,kirmizi 882.jpg
Kirmizi_Pistachio,kirmizi 883.jpg
Kirmizi_Pistachio,kirmizi 884.jpg
Kirmizi_Pistachio,kirmizi 885.jpg
Kirmizi_Pistachio,kirmizi 886.jpg
Kirmizi_Pistachio,kirmizi 887.jpg
Kirmizi_Pistachio,kirmizi 888.jpg
Kirmizi_Pistachio,kirmizi 889.jpg
Kirmizi_Pistachio,kirmizi 89.jpg
Kirmizi_Pistachio,kirmizi 890.jpg
Kirmizi_Pistachio,kirmizi 891.jpg
Kirmizi_Pistachio,kirmizi 892.jpg
Kirmizi_Pistachio,kirmizi 893.jpg
Kirmizi_Pistachio,kirmizi 894.jpg
Kirmizi_Pistachio,kirmizi 895.jpg
Kirmizi_Pistachio,kirmizi 896.jpg
Kirmizi_Pistachio,kirmizi 897.jpg
Kirmizi_Pistachio,kirmizi 898.jpg
Kirmizi_Pistachio,kirmizi 899.jpg
Kirmizi_Pistachio,kirmizi 9.jpg
Kirmizi_Pistachio,kirmizi 90.jpg
Kirmizi_Pistachio,kirmizi 900.jpg
Kirmizi_Pistachio,kirmizi 901.jpg
Kirmizi_Pistachio,kirmizi 902.jpg
Kirmizi_Pistachio,kirmizi 903.jpg
Kirmizi_Pistachio,kirmizi 904.jpg
Kirmizi_Pistachio,kirmizi 905.jpg
Kirmizi_Pistachio,kirmizi 906.jpg
Kirmizi_Pistachio,kirmizi 907.jpg
Kirmizi_Pistachio,kirmizi 908.jpg
Kirmizi_Pistachio,kirmizi 909.jpg
Kirmizi_Pistachio,kirmizi 91.jpg
Kirmizi_Pistachio,kirmizi 910.jpg
Kirmizi_Pistachio,kirmizi 911.jpg
Kirmizi_Pistachio,kirmizi 912.jpg
Kirmizi_Pistachio,kirmizi 913.jpg
Kirmizi_Pistachio,kirmizi 914.jpg
Kirmizi_Pistachio,kirmizi 915.jpg
Kirmizi_Pistachio,kirmizi 916.jpg
Kirmizi_Pistachio,kirmizi 917.jpg
Kirmizi_Pistachio,kirmizi 918.jpg
Kirmizi_Pistachio,kirmizi 919.jpg
Kirmizi_Pistachio,kirmizi 92.jpg
Kirmizi_Pistachio,kirmizi 920.jpg
Kirmizi_Pistachio,kirmizi 921.jpg
Kirmizi_Pistachio,kirmizi 922.jpg
Kirmizi_Pistachio,kirmizi 923.jpg
Kirmizi_Pistachio,kirmizi 924.jpg
Kirmizi_Pistachio,kirmizi 925.jpg
Kirmizi_Pistachio,kirmizi 926.jpg
Kirmizi_Pistachio,kirmizi 927.jpg
Kirmizi_Pistachio,kirmizi 928.jpg
Kirmizi_Pistachio,kirmizi 929.jpg
Kirmizi_Pistachio,kirmizi 93.jpg
Kirmizi_Pistachio,kirmizi 930.jpg
Kirmizi_Pistachio,kirmizi 931.jpg
Kirmizi_Pistachio,kirmizi 932.jpg
Kirmizi_Pistachio,kirmizi 933.jpg
Kirmizi_Pistachio,kirmizi 934.jpg
Kirmizi_Pistachio,kirmizi 935.jpg
Kirmizi_Pistachio,kirmizi 936.jpg
Kirmizi_Pistachio,kirmizi 937.jpg
Kirmizi_Pistachio,kirmizi 938.jpg
Kirmizi_Pistachio,kirmizi 939.jpg
Kirmizi_Pistachio,kirmizi 94.jpg
Kirmizi_Pistachio,kirmizi 940.jpg
Kirmizi_Pistachio,kirmizi 941.jpg
Kirmizi_Pistachio,kirmizi 942.jpg
Kirmizi_Pistachio,kirmizi 943.jpg
Kirmizi_Pistachio,kirmizi 944.jpg
Kirmizi_Pistachio,kirmizi 945.jpg
Kirmizi_Pistachio,kirmizi 946.jpg
Kirmizi_Pistachio,kirmizi 947.jpg
Kirmizi_Pistachio,kirmizi 948.jpg
Kirmizi_Pistachio,kirmizi 949.jpg
Kirmizi_Pistachio,kirmizi 95.jpg
Kirmizi_Pistachio,kirmizi 950.jpg
Kirmizi_Pistachio,kirmizi 951.jpg
Kirmizi_Pistachio,kirmizi 952.jpg
Kirmizi_Pistachio,kirmizi 953.jpg
Kirmizi_Pistachio,kirmizi 954.jpg
Kirmizi_Pistachio,kirmizi 955.jpg
Kirmizi_Pistachio,kirmizi 956.jpg
Kirmizi_Pistachio,kirmizi 957.jpg
Kirmizi_Pistachio,kirmizi 958.jpg
Kirmizi_Pistachio,kirmizi 959.jpg
Kirmizi_Pistachio,kirmizi 96.jpg
Kirmizi_Pistachio,kirmizi 960.jpg
Kirmizi_Pistachio,kirmizi 961.jpg
Kirmizi_Pistachio,kirmizi 962.jpg
Kirmizi_Pistachio,kirmizi 963.jpg
Kirmizi_Pistachio,kirmizi 964.jpg
Kirmizi_Pistachio,kirmizi 965.jpg
Kirmizi_Pistachio,kirmizi 966.jpg
Kirmizi_Pistachio,kirmizi 967.jpg
Kirmizi_Pistachio,kirmizi 968.jpg
Kirmizi_Pistachio,kirmizi 969.jpg
Kirmizi_Pistachio,kirmizi 97.jpg
Kirmizi_Pistachio,kirmizi 970.jpg
Kirmizi_Pistachio,kirmizi 971.jpg
Kirmizi_Pistachio,kirmizi 972.jpg
Kirmizi_Pistachio,kirmizi 973.jpg
Kirmizi_Pistachio,kirmizi 974.jpg
Kirmizi_Pistachio,kirmizi 975.jpg
Kirmizi_Pistachio,kirmizi 976.jpg
Kirmizi_Pistachio,kirmizi 977.jpg
Kirmizi_Pistachio,kirmizi 978.jpg
Kirmizi_Pistachio,kirmizi 979.jpg
Kirmizi_Pistachio,kirmizi 98.jpg
Kirmizi_Pistachio,kirmizi 980.jpg
Kirmizi_Pistachio,kirmizi 981.jpg
Kirmizi_Pistachio,kirmizi 982.jpg
Kirmizi_Pistachio,kirmizi 983.jpg
Kirmizi_Pistachio,kirmizi 984.jpg
Kirmizi_Pistachio,kirmizi 985.jpg
Kirmizi_Pistachio,kirmizi 986.jpg
Kirmizi_Pistachio,kirmizi 987.jpg
Kirmizi_Pistachio,kirmizi 988.jpg
Kirmizi_Pistachio,kirmizi 989.jpg
Kirmizi_Pistachio,kirmizi 99.jpg
Kirmizi_Pistachio,kirmizi 990.jpg
Kirmizi_Pistachio,kirmizi 991.jpg
Kirmizi_Pistachio,kirmizi 992.jpg
Kirmizi_Pistachio,kirmizi 993.jpg
Kirmizi_Pistachio,kirmizi 994.jpg
Kirmizi_Pistachio,kirmizi 995.jpg
Kirmizi_Pistachio,kirmizi 996.jpg
Kirmizi_Pistachio,kirmizi 997.jpg
Kirmizi_Pistachio,kirmizi 998.jpg
Kirmizi_Pistachio,kirmizi 999.jpg
Siirt_Pistachio,siirt (1).jpg
Siirt_Pistachio,siirt (10).jpg
Siirt_Pistachio,siirt (11).jpg
Siirt_Pistachio,siirt (12).jpg
Siirt_Pistachio,siirt (13).jpg
Siirt_Pistachio,siirt (14).jpg
Siirt_Pistachio,siirt (15).jpg
Siirt_Pistachio,siirt (16).jpg
Siirt_Pistachio,siirt (17).jpg
Siirt_Pistachio,siirt (18).jpg
Siirt_Pistachio,siirt (19).jpg
Siirt_Pistachio,siirt (2).jpg
Siirt_Pistachio,siirt (20).jpg
Siirt_Pistachio,siirt (21).jpg
Siirt_Pistachio,siirt (22).jpg
Siirt_Pistachio,siirt (23).jpg
Siirt_Pistachio,siirt (24).jpg
Siirt_Pistachio,siirt (25).jpg
Siirt_Pistachio,siirt (26).jpg
Siirt_Pistachio,siirt (27).jpg
Siirt_Pistachio,siirt (28).jpg
Siirt_Pistachio,siirt (29).jpg
Siirt_Pistachio,siirt (3).jpg
Siirt_Pistachio,siirt (30).jpg
Siirt_Pistachio,siirt (31).jpg
Siirt_Pistachio,siirt (32).jpg
Siirt_Pistachio,siirt (33).jpg
Siirt_Pistachio,siirt (34).jpg
Siirt_Pistachio,siirt (35).jpg
Siirt_Pistachio,siirt (36).jpg
Siirt_Pistachio,siirt (37).jpg
Siirt_Pistachio,siirt (38).jpg
Siirt_Pistachio,siirt (39).jpg
Siirt_Pistachio,siirt (4).jpg
Siirt_Pistachio,siirt (40).jpg
Siirt_Pistachio,siirt (41).jpg
Siirt_Pistachio,siirt (42).jpg
Siirt_Pistachio,siirt (43).jpg
Siirt_Pistachio,siirt (44).jpg
Siirt_Pistachio,siirt (45).jpg
Siirt_Pistachio,siirt (46).jpg
Siirt_Pistachio,siirt (47).jpg
Siirt_Pistachio,siirt (48).jpg
Siirt_Pistachio,siirt (49).jpg
Siirt_Pistachio,siirt (5).jpg
Siirt_Pistachio,siirt (50).jpg
Siirt_Pistachio,siirt (6).jpg
Siirt_Pistachio,siirt (7).jpg
Siirt_Pistachio,siirt (8).jpg
Siirt_Pistachio,siirt (9).jpg
Siirt_Pistachio,siirt 1.jpg
Siirt_Pistachio,siirt 10.jpg
Siirt_Pistachio,siirt 100.jpg
Siirt_Pistachio,siirt 101.jpg
Siirt_Pistachio,siirt 102.jpg
Siirt_Pistachio,siirt 103.jpg
Siirt_Pistachio,siirt 104.jpg
Siirt_Pistachio,siirt 105.jpg
Siirt_Pistachio,siirt 106.jpg
Siirt_Pistachio,siirt 107.jpg
Siirt_Pistachio,siirt 108.jpg
Siirt_Pistachio,siirt 109.jpg
Siirt_Pistachio,siirt 11.jpg
Siirt_Pistachio,siirt 110.jpg
Siirt_Pistachio,siirt 111.jpg
Siirt_Pistachio,siirt 112.jpg
Siirt_Pistachio,siirt 113.jpg
Siirt_Pistachio,siirt 114.jpg
Siirt_Pistachio,siirt 115.jpg
Siirt_Pistachio,siirt 116.jpg
Siirt_Pistachio,siirt 117.jpg
Siirt_Pistachio,siirt 118.jpg
Siirt_Pistachio,siirt 119.jpg
Siirt_Pistachio,siirt 12.jpg
Siirt_Pistachio,siirt 120.jpg
Siirt_Pistachio,siirt 121.jpg
Siirt_Pistachio,siirt 122.jpg
Siirt_Pistachio,siirt 123.jpg
Siirt_Pistachio,siirt 124.jpg
Siirt_Pistachio,siirt 125.jpg
Siirt_Pistachio,siirt 126.jpg
Siirt_Pistachio,siirt 127.jpg
Siirt_Pistachio,siirt 128.jpg
Siirt_Pistachio,siirt 129.jpg
Siirt_Pistachio,siirt 13.jpg
Siirt_Pistachio,siirt 130.jpg
Siirt_Pistachio,siirt 131.jpg
Siirt_Pistachio,siirt 132.jpg
Siirt_Pistachio,siirt 133.jpg
Siirt_Pistachio,siirt 134.jpg
Siirt_Pistachio,siirt 135.jpg
Siirt_Pistachio,siirt 136.jpg
Siirt_Pistachio,siirt 137.jpg
Siirt_Pistachio,siirt 138.jpg
Siirt_Pistachio,siirt 139.jpg
Siirt_Pistachio,siirt 14.jpg
Siirt_Pistachio,siirt 140.jpg
Siirt_Pistachio,siirt 141.jpg
Siirt_Pistachio,siirt 142.jpg
Siirt_Pistachio,siirt 143.jpg
Siirt_Pistachio,siirt 144.jpg
Siirt_Pistachio,siirt 145.jpg
Siirt_Pistachio,siirt 146.jpg
Siirt_Pistachio,siirt 147.jpg
Siirt_Pistachio,siirt 148.jpg
Siirt_Pistachio,siirt 149.jpg
Siirt_Pistachio,siirt 15.jpg
Siirt_Pistachio,siirt 150.jpg
Siirt_Pistachio,siirt 151.jpg
Siirt_Pistachio,siirt 152.jpg
Siirt_Pistachio,siirt 153.jpg
Siirt_Pistachio,siirt 154.jpg
Siirt_Pistachio,siirt 155.jpg
Siirt_Pistachio,siirt 156.jpg
Siirt_Pistachio,siirt 157.jpg
Siirt_Pistachio,siirt 158.jpg
Siirt_Pistachio,siirt 159.jpg
Siirt_Pistachio,siirt 16.jpg
Siirt_Pistachio,siirt 160.jpg
Siirt_Pistachio,siirt 161.jpg
Siirt_Pistachio,siirt 162.jpg
Siirt_Pistachio,siirt 163.jpg
Siirt_Pistachio,siirt 164.jpg
Siirt_Pistachio,siirt 165.jpg
Siirt_Pistachio,siirt 166.jpg
Siirt_Pistachio,siirt 167.jpg
Siirt_Pistachio,siirt 168.jpg
Siirt_Pistachio,siirt 169.jpg
Siirt_Pistachio,siirt 17.jpg
Siirt_Pistachio,siirt 170.jpg
Siirt_Pistachio,siirt 171.jpg
Siirt_Pistachio,siirt 172.jpg
Siirt_Pistachio,siirt 173.jpg
Siirt_Pistachio,siirt 174.jpg
Siirt_Pistachio,siirt 175.jpg
Siirt_Pistachio,siirt 176.jpg
Siirt_Pistachio,siirt 177.jpg
Siirt_Pistachio,siirt 178.jpg
Siirt_Pistachio,siirt 179.jpg
Siirt_Pistachio,siirt 18.jpg
Siirt_Pistachio,siirt 180.jpg
Siirt_Pistachio,siirt 181.jpg
Siirt_Pistachio,siirt 182.jpg
Siirt_Pistachio,siirt 183.jpg
Siirt_Pistachio,siirt 184.jpg
Siirt_Pistachio,siirt 185.jpg
Siirt_Pistachio,siirt 186.jpg
Siirt_Pistachio,siirt 187.jpg
Siirt_Pistachio,siirt 188.jpg
Siirt_Pistachio,siirt 189.jpg
Siirt_Pistachio,siirt 19.jpg
Siirt_Pistachio,siirt 190.jpg
Siirt_Pistachio,siirt 191.jpg
Siirt_Pistachio,siirt 192.jpg
Siirt_Pistachio,siirt 193.jpg
Siirt_Pistachio,siirt 194.jpg
Siirt_Pistachio,siirt 195.jpg
Siirt_Pistachio,siirt 196.jpg
Siirt_Pistachio,siirt 197.jpg
Siirt_Pistachio,siirt 198.jpg
Siirt_Pistachio,siirt 199.jpg
Siirt_Pistachio,siirt 2.jpg
Siirt_Pistachio,siirt 20.jpg
Siirt_Pistachio,siirt 200.jpg
Siirt_Pistachio,siirt 201.jpg
Siirt_Pistachio,siirt 202.jpg
Siirt_Pistachio,siirt 203.jpg
Siirt_Pistachio,siirt 204.jpg
Siirt_Pistachio,siirt 205.jpg
Siirt_Pistachio,siirt 206.jpg
Siirt_Pistachio,siirt 207.jpg
Siirt_Pistachio,siirt 208.jpg
Siirt_Pistachio,siirt 209.jpg
Siirt_Pistachio,siirt 21.jpg
Siirt_Pistachio,siirt 210.jpg
Siirt_Pistachio,siirt 211.jpg
Siirt_Pistachio,siirt 212.jpg
Siirt_Pistachio,siirt 213.jpg
Siirt_Pistachio,siirt 214.jpg
Siirt_Pistachio,siirt 215.jpg
Siirt_Pistachio,siirt 216.jpg
Siirt_Pistachio,siirt 217.jpg
Siirt_Pistachio,siirt 218.jpg
Siirt_Pistachio,siirt 219.jpg
Siirt_Pistachio,siirt 22.jpg
Siirt_Pistachio,siirt 220.jpg
Siirt_Pistachio,siirt 221.jpg
Siirt_Pistachio,siirt 222.jpg
Siirt_Pistachio,siirt 223.jpg
Siirt_Pistachio,siirt 224.jpg
Siirt_Pistachio,siirt 225.jpg
Siirt_Pistachio,siirt 226.jpg
Siirt_Pistachio,siirt 227.jpg
Siirt_Pistachio,siirt 228.jpg
Siirt_Pistachio,siirt 229.jpg
Siirt_Pistachio,siirt 23.jpg
Siirt_Pistachio,siirt 230.jpg
Siirt_Pistachio,siirt 231.jpg
Siirt_Pistachio,siirt 232.jpg
Siirt_Pistachio,siirt 233.jpg
Siirt_Pistachio,siirt 234.jpg
Siirt_Pistachio,siirt 235.jpg
Siirt_Pistachio,siirt 236.jpg
Siirt_Pistachio,siirt 237.jpg
Siirt_Pistachio,siirt 238.jpg
Siirt_Pistachio,siirt 239.jpg
Siirt_Pistachio,siirt 24.jpg
Siirt_Pistachio,siirt 240.jpg
Siirt_Pistachio,siirt 241.jpg
Siirt_Pistachio,siirt 242.jpg
Siirt_Pistachio,siirt 243.jpg
Siirt_Pistachio,siirt 244.jpg
Siirt_Pistachio,siirt 245.jpg
Siirt_Pistachio,siirt 246.jpg
Siirt_Pistachio,siirt 247.jpg
Siirt_Pistachio,siirt 248.jpg
Siirt_Pistachio,siirt 249.jpg
Siirt_Pistachio,siirt 25.jpg
Siirt_Pistachio,siirt 250.jpg
Siirt_Pistachio,siirt 251.jpg
Siirt_Pistachio,siirt 252.jpg
Siirt_Pistachio,siirt 253.jpg
Siirt_Pistachio,siirt 254.jpg
Siirt_Pistachio,siirt 255.jpg
Siirt_Pistachio,siirt 256.jpg
Siirt_Pistachio,siirt 257.jpg
Siirt_Pistachio,siirt 258.jpg
Siirt_Pistachio,siirt 259.jpg
Siirt_Pistachio,siirt 26.jpg
Siirt_Pistachio,siirt 260.jpg
Siirt_Pistachio,siirt 261.jpg
Siirt_Pistachio,siirt 262.jpg
Siirt_Pistachio,siirt 263.jpg
Siirt_Pistachio,siirt 264.jpg
Siirt_Pistachio,siirt 265.jpg
Siirt_Pistachio,siirt 266.jpg
Siirt_Pistachio,siirt 267.jpg
Siirt_Pistachio,siirt 268.jpg
Siirt_Pistachio,siirt 269.jpg
Siirt_Pistachio,siirt 27.jpg
Siirt_Pistachio,siirt 270.jpg
Siirt_Pistachio,siirt 271.jpg
Siirt_Pistachio,siirt 272.jpg
Siirt_Pistachio,siirt 273.jpg
Siirt_Pistachio,siirt 274.jpg
Siirt_Pistachio,siirt 275.jpg
Siirt_Pistachio,siirt 276.jpg
Siirt_Pistachio,siirt 277.jpg
Siirt_Pistachio,siirt 278.jpg
Siirt_Pistachio,siirt 279.jpg
Siirt_Pistachio,siirt 28.jpg
Siirt_Pistachio,siirt 280.jpg
Siirt_Pistachio,siirt 281.jpg
Siirt_Pistachio,siirt 282.jpg
Siirt_Pistachio,siirt 283.jpg
Siirt_Pistachio,siirt 284.jpg
Siirt_Pistachio,siirt 285.jpg
Siirt_Pistachio,siirt 286.jpg
Siirt_Pistachio,siirt 287.jpg
Siirt_Pistachio,siirt 288.jpg
Siirt_Pistachio,siirt 289.jpg
Siirt_Pistachio,siirt 29.jpg
Siirt_Pistachio,siirt 290.jpg
Siirt_Pistachio,siirt 291.jpg
Siirt_Pistachio,siirt 292.jpg
Siirt_Pistachio,siirt 293.jpg
Siirt_Pistachio,siirt 294.jpg
Siirt_Pistachio,siirt 295.jpg
Siirt_Pistachio,siirt 296.jpg
Siirt_Pistachio,siirt 297.jpg
Siirt_Pistachio,siirt 298.jpg
Siirt_Pistachio,siirt 299.jpg
Siirt_Pistachio,siirt 3.jpg
Siirt_Pistachio,siirt 30.jpg
Siirt_Pistachio,siirt 300.jpg
Siirt_Pistachio,siirt 301.jpg
Siirt_Pistachio,siirt 302.jpg
Siirt_Pistachio,siirt 303.jpg
Siirt_Pistachio,siirt 304.jpg
Siirt_Pistachio,siirt 305.jpg
Siirt_Pistachio,siirt 306.jpg
Siirt_Pistachio,siirt 307.jpg
Siirt_Pistachio,siirt 308.jpg
Siirt_Pistachio,siirt 309.jpg
Siirt_Pistachio,siirt 31.jpg
Siirt_Pistachio,siirt 310.jpg
Siirt_Pistachio,siirt 311.jpg
Siirt_Pistachio,siirt 312.jpg
Siirt_Pistachio,siirt 313.jpg
Siirt_Pistachio,siirt 314.jpg
Siirt_Pistachio,siirt 315.jpg
Siirt_Pistachio,siirt 316.jpg
Siirt_Pistachio,siirt 317.jpg
Siirt_Pistachio,siirt 318.jpg
Siirt_Pistachio,siirt 319.jpg
Siirt_Pistachio,siirt 32.jpg
Siirt_Pistachio,siirt 320.jpg
Siirt_Pistachio,siirt 321.jpg
Siirt_Pistachio,siirt 322.jpg
Siirt_Pistachio,siirt 323.jpg
Siirt_Pistachio,siirt 324.jpg
Siirt_Pistachio,siirt 325.jpg
Siirt_Pistachio,siirt 326.jpg
Siirt_Pistachio,siirt 327.jpg
Siirt_Pistachio,siirt 328.jpg
Siirt_Pistachio,siirt 329.jpg
Siirt_Pistachio,siirt 33.jpg
Siirt_Pistachio,siirt 330.jpg
Siirt_Pistachio,siirt 331.jpg
Siirt_Pistachio,siirt 332.jpg
Siirt_Pistachio,siirt 333.jpg
Siirt_Pistachio,siirt 334.jpg
Siirt_Pistachio,siirt 335.jpg
Siirt_Pistachio,siirt 336.jpg
Siirt_Pistachio,siirt 337.jpg
Siirt_Pistachio,siirt 338.jpg
Siirt_Pistachio,siirt 339.jpg
Siirt_Pistachio,siirt 34.jpg
Siirt_Pistachio,siirt 340.jpg
Siirt_Pistachio,siirt 341.jpg
Siirt_Pistachio,siirt 342.jpg
Siirt_Pistachio,siirt 343.jpg
Siirt_Pistachio,siirt 344.jpg
Siirt_Pistachio,siirt 345.jpg
Siirt_Pistachio,siirt 346.jpg
Siirt_Pistachio,siirt 347.jpg
Siirt_Pistachio,siirt 348.jpg
Siirt_Pistachio,siirt 349.jpg
Siirt_Pistachio,siirt 35.jpg
Siirt_Pistachio,siirt 350.jpg
Siirt_Pistachio,siirt 351.jpg
Siirt_Pistachio,siirt 352.jpg
Siirt_Pistachio,siirt 353.jpg
Siirt_Pistachio,siirt 354.jpg
Siirt_Pistachio,siirt 355.jpg
Siirt_Pistachio,siirt 356.jpg
Siirt_Pistachio,siirt 357.jpg
Siirt_Pistachio,siirt 358.jpg
Siirt_Pistachio,siirt 359.jpg
Siirt_Pistachio,siirt 36.jpg
Siirt_Pistachio,siirt 360.jpg
Siirt_Pistachio,siirt 361.jpg
Siirt_Pistachio,siirt 362.jpg
Siirt_Pistachio,siirt 363.jpg
Siirt_Pistachio,siirt 364.jpg
Siirt_Pistachio,siirt 365.jpg
Siirt_Pistachio,siirt 366.jpg
Siirt_Pistachio,siirt 367.jpg
Siirt_Pistachio,siirt 368.jpg
Siirt_Pistachio,siirt 369.jpg
Siirt_Pistachio,siirt 37.jpg
Siirt_Pistachio,siirt 370.jpg
Siirt_Pistachio,siirt 371.jpg
Siirt_Pistachio,siirt 372.jpg
Siirt_Pistachio,siirt 373.jpg
Siirt_Pistachio,siirt 374.jpg
Siirt_Pistachio,siirt 375.jpg
Siirt_Pistachio,siirt 376.jpg
Siirt_Pistachio,siirt 377.jpg
Siirt_Pistachio,siirt 378.jpg
Siirt_Pistachio,siirt 379.jpg
Siirt_Pistachio,siirt 38.jpg
Siirt_Pistachio,siirt 380.jpg
Siirt_Pistachio,siirt 381.jpg
Siirt_Pistachio,siirt 382.jpg
Siirt_Pistachio,siirt 383.jpg
Siirt_Pistachio,siirt 384.jpg
Siirt_Pistachio,siirt 385.jpg
Siirt_Pistachio,siirt 386.jpg
Siirt_Pistachio,siirt 387.jpg
Siirt_Pistachio,siirt 388.jpg
Siirt_Pistachio,siirt 389.jpg
Siirt_Pistachio,siirt 39.jpg
Siirt_Pistachio,siirt 390.jpg
Siirt_Pistachio,siirt 391.jpg
Siirt_Pistachio,siirt 392.jpg
Siirt_Pistachio,siirt 393.jpg
Siirt_Pistachio,siirt 394.jpg
Siirt_Pistachio,siirt 395.jpg
Siirt_Pistachio,siirt 396.jpg
Siirt_Pistachio,siirt 397.jpg
Siirt_Pistachio,siirt 398.jpg
Siirt_Pistachio,siirt 399.jpg
Siirt_Pistachio,siirt 4.jpg
Siirt_Pistachio,siirt 40.jpg
Siirt_Pistachio,siirt 400.jpg
Siirt_Pistachio,siirt 401.jpg
Siirt_Pistachio,siirt 402.jpg
Siirt_Pistachio,siirt 403.jpg
Siirt_Pistachio,siirt 404.jpg
Siirt_Pistachio,siirt 405.jpg
Siirt_Pistachio,siirt 406.jpg
Siirt_Pistachio,siirt 407.jpg
Siirt_Pistachio,siirt 408.jpg
Siirt_Pistachio,siirt 409.jpg
Siirt_Pistachio,siirt 41.jpg
Siirt_Pistachio,siirt 410.jpg
Siirt_Pistachio,siirt 411.jpg
Siirt_Pistachio,siirt 412.jpg
Siirt_Pistachio,siirt 413.jpg
Siirt_Pistachio,siirt 414.jpg
Siirt_Pistachio,siirt 415.jpg
Siirt_Pistachio,siirt 416.jpg
Siirt_Pistachio,siirt 417.jpg
Siirt_Pistachio,siirt 418.jpg
Siirt_Pistachio,siirt 419.jpg
Siirt_Pistachio,siirt 42.jpg
Siirt_Pistachio,siirt 420.jpg
Siirt_Pistachio,siirt 421.jpg
Siirt_Pistachio,siirt 422.jpg
Siirt_Pistachio,siirt 423.jpg
Siirt_Pistachio,siirt 424.jpg
Siirt_Pistachio,siirt 425.jpg
Siirt_Pistachio,siirt 426.jpg
Siirt_Pistachio,siirt 427.jpg
Siirt_Pistachio,siirt 428.jpg
Siirt_Pistachio,siirt 429.jpg
Siirt_Pistachio,siirt 43.jpg
Siirt_Pistachio,siirt 430.jpg
Siirt_Pistachio,siirt 431.jpg
Siirt_Pistachio,siirt 432.jpg
Siirt_Pistachio,siirt 433.jpg
Siirt_Pistachio,siirt 434.jpg
Siirt_Pistachio,siirt 435.jpg
Siirt_Pistachio,siirt 436.jpg
Siirt_Pistachio,siirt 437.jpg
Siirt_Pistachio,siirt 438.jpg
Siirt_Pistachio,siirt 439.jpg
Siirt_Pistachio,siirt 44.jpg
Siirt_Pistachio,siirt 440.jpg
Siirt_Pistachio,siirt 441.jpg
Siirt_Pistachio,siirt 442.jpg
Siirt_Pistachio,siirt 443.jpg
Siirt_Pistachio,siirt 444.jpg
Siirt_Pistachio,siirt 445.jpg
Siirt_Pistachio,siirt 446.jpg
Siirt_Pistachio,siirt 447.jpg
Siirt_Pistachio,siirt 448.jpg
Siirt_Pistachio,siirt 449.jpg
Siirt_Pistachio,siirt 45.jpg
Siirt_Pistachio,siirt 450.jpg
Siirt_Pistachio,siirt 451.jpg
Siirt_Pistachio,siirt 452.jpg
Siirt_Pistachio,siirt 453.jpg
Siirt_Pistachio,siirt 454.jpg
Siirt_Pistachio,siirt 455.jpg
Siirt_Pistachio,siirt 456.jpg
Siirt_Pistachio,siirt 457.jpg
Siirt_Pistachio,siirt 458.jpg
Siirt_Pistachio,siirt 459.jpg
Siirt_Pistachio,siirt 46.jpg
Siirt_Pistachio,siirt 460.jpg
Siirt_Pistachio,siirt 461.jpg
Siirt_Pistachio,siirt 462.jpg
Siirt_Pistachio,siirt 463.jpg
Siirt_Pistachio,siirt 464.jpg
Siirt_Pistachio,siirt 465.jpg
Siirt_Pistachio,siirt 466.jpg
Siirt_Pistachio,siirt 467.jpg
Siirt_Pistachio,siirt 468.jpg
Siirt_Pistachio,siirt 469.jpg
Siirt_Pistachio,siirt 47.jpg
Siirt_Pistachio,siirt 470.jpg
Siirt_Pistachio,siirt 471.jpg
Siirt_Pistachio,siirt 472.jpg
Siirt_Pistachio,siirt 473.jpg
Siirt_Pistachio,siirt 474.jpg
Siirt_Pistachio,siirt 475.jpg
Siirt_Pistachio,siirt 476.jpg
Siirt_Pistachio,siirt 477.jpg
Siirt_Pistachio,siirt 478.jpg
Siirt_Pistachio,siirt 479.jpg
Siirt_Pistachio,siirt 48.jpg
Siirt_Pistachio,siirt 480.jpg
Siirt_Pistachio,siirt 481.jpg
Siirt_Pistachio,siirt 482.jpg
Siirt_Pistachio,siirt 483.jpg
Siirt_Pistachio,siirt 484.jpg
Siirt_Pistachio,siirt 485.jpg
Siirt_Pistachio,siirt 486.jpg
Siirt_Pistachio,siirt 487.jpg
Siirt_Pistachio,siirt 488.jpg
Siirt_Pistachio,siirt 489.jpg
Siirt_Pistachio,siirt 49.jpg
Siirt_Pistachio,siirt 490.jpg
Siirt_Pistachio,siirt 491.jpg
Siirt_Pistachio,siirt 492.jpg
Siirt_Pistachio,siirt 493.jpg
Siirt_Pistachio,siirt 494.jpg
Siirt_Pistachio,siirt 495.jpg
Siirt_Pistachio,siirt 496.jpg
Siirt_Pistachio,siirt 497.jpg
Siirt_Pistachio,siirt 498.jpg
Siirt_Pistachio,siirt 499.jpg
Siirt_Pistachio,siirt 5.jpg
Siirt_Pistachio,siirt 50.jpg
Siirt_Pistachio,siirt 500.jpg
Siirt_Pistachio,siirt 501.jpg
Siirt_Pistachio,siirt 502.jpg
Siirt_Pistachio,siirt 503.jpg
Siirt_Pistachio,siirt 504.jpg
Siirt_Pistachio,siirt 505.jpg
Siirt_Pistachio,siirt 506.jpg
Siirt_Pistachio,siirt 507.jpg
Siirt_Pistachio,siirt 508.jpg
Siirt_Pistachio,siirt 509.jpg
Siirt_Pistachio,siirt 51.jpg
Siirt_Pistachio,siirt 510.jpg
Siirt_Pistachio,siirt 511.jpg
Siirt_Pistachio,siirt 512.jpg
Siirt_Pistachio,siirt 513.jpg
Siirt_Pistachio,siirt 514.jpg
Siirt_Pistachio,siirt 515.jpg
Siirt_Pistachio,siirt 516.jpg
Siirt_Pistachio,siirt 517.jpg
Siirt_Pistachio,siirt 518.jpg
Siirt_Pistachio,siirt 519.jpg
Siirt_Pistachio,siirt 52.jpg
Siirt_Pistachio,siirt 520.jpg
Siirt_Pistachio,siirt 521.jpg
Siirt_Pistachio,siirt 522.jpg
Siirt_Pistachio,siirt 523.jpg
Siirt_Pistachio,siirt 524.jpg
Siirt_Pistachio,siirt 525.jpg
Siirt_Pistachio,siirt 526.jpg
Siirt_Pistachio,siirt 527.jpg
Siirt_Pistachio,siirt 528.jpg
Siirt_Pistachio,siirt 529.jpg
Siirt_Pistachio,siirt 53.jpg
Siirt_Pistachio,siirt 530.jpg
Siirt_Pistachio,siirt 531.jpg
Siirt_Pistachio,siirt 532.jpg
Siirt_Pistachio,siirt 533.jpg
Siirt_Pistachio,siirt 534.jpg
Siirt_Pistachio,siirt 535.jpg
Siirt_Pistachio,siirt 536.jpg
Siirt_Pistachio,siirt 537.jpg
Siirt_Pistachio,siirt 538.jpg
Siirt_Pistachio,siirt 539.jpg
Siirt_Pistachio,siirt 54.jpg
Siirt_Pistachio,siirt 540.jpg
Siirt_Pistachio,siirt 541.jpg
Siirt_Pistachio,siirt 542.jpg
Siirt_Pistachio,siirt 543.jpg
Siirt_Pistachio,siirt 544.jpg
Siirt_Pistachio,siirt 545.jpg
Siirt_Pistachio,siirt 546.jpg
Siirt_Pistachio,siirt 547.jpg
Siirt_Pistachio,siirt 548.jpg
Siirt_Pistachio,siirt 549.jpg
Siirt_Pistachio,siirt 55.jpg
Siirt_Pistachio,siirt 550.jpg
Siirt_Pistachio,siirt 551.jpg
Siirt_Pistachio,siirt 552.jpg
Siirt_Pistachio,siirt 553.jpg
Siirt_Pistachio,siirt 554.jpg
Siirt_Pistachio,siirt 555.jpg
Siirt_Pistachio,siirt 556.jpg
Siirt_Pistachio,siirt 557.jpg
Siirt_Pistachio,siirt 558.jpg
Siirt_Pistachio,siirt 559.jpg
Siirt_Pistachio,siirt 56.jpg
Siirt_Pistachio,siirt 560.jpg
Siirt_Pistachio,siirt 561.jpg
Siirt_Pistachio,siirt 562.jpg
Siirt_Pistachio,siirt 563.jpg
Siirt_Pistachio,siirt 564.jpg
Siirt_Pistachio,siirt 565.jpg
Siirt_Pistachio,siirt 566.jpg
Siirt_Pistachio,siirt 567.jpg
Siirt_Pistachio,siirt 568.jpg
Siirt_Pistachio,siirt 569.jpg
Siirt_Pistachio,siirt 57.jpg
Siirt_Pistachio,siirt 570.jpg
Siirt_Pistachio,siirt 571.jpg
Siirt_Pistachio,siirt 572.jpg
Siirt_Pistachio,siirt 573.jpg
Siirt_Pistachio,siirt 574.jpg
Siirt_Pistachio,siirt 575.jpg
Siirt_Pistachio,siirt 576.jpg
Siirt_Pistachio,siirt 577.jpg
Siirt_Pistachio,siirt 578.jpg
Siirt_Pistachio,siirt 579.jpg
Siirt_Pistachio,siirt 58.jpg
Siirt_Pistachio,siirt 580.jpg
Siirt_Pistachio,siirt 581.jpg
Siirt_Pistachio,siirt 582.jpg
Siirt_Pistachio,siirt 583.jpg
Siirt_Pistachio,siirt 584.jpg
Siirt_Pistachio,siirt 585.jpg
Siirt_Pistachio,siirt 586.jpg
Siirt_Pistachio,siirt 587.jpg
Siirt_Pistachio,siirt 588.jpg
Siirt_Pistachio,siirt 589.jpg
Siirt_Pistachio,siirt 59.jpg
Siirt_Pistachio,siirt 590.jpg
Siirt_Pistachio,siirt 591.jpg
Siirt_Pistachio,siirt 592.jpg
Siirt_Pistachio,siirt 593.jpg
Siirt_Pistachio,siirt 594.jpg
Siirt_Pistachio,siirt 595.jpg
Siirt_Pistachio,siirt 596.jpg
Siirt_Pistachio,siirt 597.jpg
Siirt_Pistachio,siirt 598.jpg
Siirt_Pistachio,siirt 599.jpg
Siirt_Pistachio,siirt 6.jpg
Siirt_Pistachio,siirt 60.jpg
Siirt_Pistachio,siirt 600.jpg
Siirt_Pistachio,siirt 601.jpg
Siirt_Pistachio,siirt 602.jpg
Siirt_Pistachio,siirt 603.jpg
Siirt_Pistachio,siirt 604.jpg
Siirt_Pistachio,siirt 605.jpg
Siirt_Pistachio,siirt 606.jpg
Siirt_Pistachio,siirt 607.jpg
Siirt_Pistachio,siirt 608.jpg
Siirt_Pistachio,siirt 609.jpg
Siirt_Pistachio,siirt 61.jpg
Siirt_Pistachio,siirt 610.jpg
Siirt_Pistachio,siirt 611.jpg
Siirt_Pistachio,siirt 612.jpg
Siirt_Pistachio,siirt 613.jpg
Siirt_Pistachio,siirt 614.jpg
Siirt_Pistachio,siirt 615.jpg
Siirt_Pistachio,siirt 616.jpg
Siirt_Pistachio,siirt 617.jpg
Siirt_Pistachio,siirt 618.jpg
Siirt_Pistachio,siirt 619.jpg
Siirt_Pistachio,siirt 62.jpg
Siirt_Pistachio,siirt 620.jpg
Siirt_Pistachio,siirt 621.jpg
Siirt_Pistachio,siirt 622.jpg
Siirt_Pistachio,siirt 623.jpg
Siirt_Pistachio,siirt 624.jpg
Siirt_Pistachio,siirt 625.jpg
Siirt_Pistachio,siirt 626.jpg
Siirt_Pistachio,siirt 627.jpg
Siirt_Pistachio,siirt 628.jpg
Siirt_Pistachio,siirt 629.jpg
Siirt_Pistachio,siirt 63.jpg
Siirt_Pistachio,siirt 630.jpg
Siirt_Pistachio,siirt 631.jpg
Siirt_Pistachio,siirt 632.jpg
Siirt_Pistachio,siirt 633.jpg
Siirt_Pistachio,siirt 634.jpg
Siirt_Pistachio,siirt 635.jpg
Siirt_Pistachio,siirt 636.jpg
Siirt_Pistachio,siirt 637.jpg
Siirt_Pistachio,siirt 638.jpg
Siirt_Pistachio,siirt 639.jpg
Siirt_Pistachio,siirt 64.jpg
Siirt_Pistachio,siirt 640.jpg
Siirt_Pistachio,siirt 641.jpg
Siirt_Pistachio,siirt 642.jpg
Siirt_Pistachio,siirt 643.jpg
Siirt_Pistachio,siirt 644.jpg
Siirt_Pistachio,siirt 645.jpg
Siirt_Pistachio,siirt 646.jpg
Siirt_Pistachio,siirt 647.jpg
Siirt_Pistachio,siirt 648.jpg
Siirt_Pistachio,siirt 649.jpg
Siirt_Pistachio,siirt 65.jpg
Siirt_Pistachio,siirt 650.jpg
Siirt_Pistachio,siirt 651.jpg
Siirt_Pistachio,siirt 652.jpg
Siirt_Pistachio,siirt 653.jpg
Siirt_Pistachio,siirt 654.jpg
Siirt_Pistachio,siirt 655.jpg
Siirt_Pistachio,siirt 656.jpg
Siirt_Pistachio,siirt 657.jpg
Siirt_Pistachio,siirt 658.jpg
Siirt_Pistachio,siirt 659.jpg
Siirt_Pistachio,siirt 66.jpg
Siirt_Pistachio,siirt 660.jpg
Siirt_Pistachio,siirt 661.jpg
Siirt_Pistachio,siirt 662.jpg
Siirt_Pistachio,siirt 663.jpg
Siirt_Pistachio,siirt 664.jpg
Siirt_Pistachio,siirt 665.jpg
Siirt_Pistachio,siirt 666.jpg
Siirt_Pistachio,siirt 667.jpg
Siirt_Pistachio,siirt 668.jpg
Siirt_Pistachio,siirt 669.jpg
Siirt_Pistachio,siirt 67.jpg
Siirt_Pistachio,siirt 670.jpg
Siirt_Pistachio,siirt 671.jpg
Siirt_Pistachio,siirt 672.jpg
Siirt_Pistachio,siirt 673.jpg
Siirt_Pistachio,siirt 674.jpg
Siirt_Pistachio,siirt 675.jpg
Siirt_Pistachio,siirt 676.jpg
Siirt_Pistachio,siirt 677.jpg
Siirt_Pistachio,siirt 678.jpg
Siirt_Pistachio,siirt 679.jpg
Siirt_Pistachio,siirt 68.jpg
Siirt_Pistachio,siirt 680.jpg
Siirt_Pistachio,siirt 681.jpg
Siirt_Pistachio,siirt 682.jpg
Siirt_Pistachio,siirt 683.jpg
Siirt_Pistachio,siirt 684.jpg
Siirt_Pistachio,siirt 685.jpg
Siirt_Pistachio,siirt 686.jpg
Siirt_Pistachio,siirt 687.jpg
Siirt_Pistachio,siirt 688.jpg
Siirt_Pistachio,siirt 689.jpg
Siirt_Pistachio,siirt 69.jpg
Siirt_Pistachio,siirt 690.jpg
Siirt_Pistachio,siirt 691.jpg
Siirt_Pistachio,siirt 692.jpg
Siirt_Pistachio,siirt 693.jpg
Siirt_Pistachio,siirt 694.jpg
Siirt_Pistachio,siirt 695.jpg
Siirt_Pistachio,siirt 696.jpg
Siirt_Pistachio,siirt 697.jpg
Siirt_Pistachio,siirt 698.jpg
Siirt_Pistachio,siirt 699.jpg
Siirt_Pistachio,siirt 7.jpg
Siirt_Pistachio,siirt 70.jpg
Siirt_Pistachio,siirt 700.jpg
Siirt_Pistachio,siirt 701.jpg
Siirt_Pistachio,siirt 702.jpg
Siirt_Pistachio,siirt 703.jpg
Siirt_Pistachio,siirt 704.jpg
Siirt_Pistachio,siirt 705.jpg
Siirt_Pistachio,siirt 706.jpg
Siirt_Pistachio,siirt 707.jpg
Siirt_Pistachio,siirt 708.jpg
Siirt_Pistachio,siirt 709.jpg
Siirt_Pistachio,siirt 71.jpg
Siirt_Pistachio,siirt 710.jpg
Siirt_Pistachio,siirt 711.jpg
Siirt_Pistachio,siirt 712.jpg
Siirt_Pistachio,siirt 713.jpg
Siirt_Pistachio,siirt 714.jpg
Siirt_Pistachio,siirt 715.jpg
Siirt_Pistachio,siirt 716.jpg
Siirt_Pistachio,siirt 717.jpg
Siirt_Pistachio,siirt 718.jpg
Siirt_Pistachio,siirt 719.jpg
Siirt_Pistachio,siirt 72.jpg
Siirt_Pistachio,siirt 720.jpg
Siirt_Pistachio,siirt 721.jpg
Siirt_Pistachio,siirt 722.jpg
Siirt_Pistachio,siirt 723.jpg
Siirt_Pistachio,siirt 724.jpg
Siirt_Pistachio,siirt 725.jpg
Siirt_Pistachio,siirt 726.jpg
Siirt_Pistachio,siirt 727.jpg
Siirt_Pistachio,siirt 728.jpg
Siirt_Pistachio,siirt 729.jpg
Siirt_Pistachio,siirt 73.jpg
Siirt_Pistachio,siirt 730.jpg
Siirt_Pistachio,siirt 731.jpg
Siirt_Pistachio,siirt 732.jpg
Siirt_Pistachio,siirt 733.jpg
Siirt_Pistachio,siirt 734.jpg
Siirt_Pistachio,siirt 735.jpg
Siirt_Pistachio,siirt 736.jpg
Siirt_Pistachio,siirt 737.jpg
Siirt_Pistachio,siirt 738.jpg
Siirt_Pistachio,siirt 739.jpg
Siirt_Pistachio,siirt 74.jpg
Siirt_Pistachio,siirt 740.jpg
Siirt_Pistachio,siirt 741.jpg
Siirt_Pistachio,siirt 742.jpg
Siirt_Pistachio,siirt 743.jpg
Siirt_Pistachio,siirt 744.jpg
Siirt_Pistachio,siirt 745.jpg
Siirt_Pistachio,siirt 746.jpg
Siirt_Pistachio,siirt 747.jpg
Siirt_Pistachio,siirt 748.jpg
Siirt_Pistachio,siirt 749.jpg
Siirt_Pistachio,siirt 75.jpg
Siirt_Pistachio,siirt 750.jpg
Siirt_Pistachio,siirt 751.jpg
Siirt_Pistachio,siirt 752.jpg
Siirt_Pistachio,siirt 753.jpg
Siirt_Pistachio,siirt 754.jpg
Siirt_Pistachio,siirt 755.jpg
Siirt_Pistachio,siirt 756.jpg
Siirt_Pistachio,siirt 757.jpg
Siirt_Pistachio,siirt 758.jpg
Siirt_Pistachio,siirt 759.jpg
Siirt_Pistachio,siirt 76.jpg
Siirt_Pistachio,siirt 760.jpg
Siirt_Pistachio,siirt 761.jpg
Siirt_Pistachio,siirt 762.jpg
Siirt_Pistachio,siirt 763.jpg
Siirt_Pistachio,siirt 764.jpg
Siirt_Pistachio,siirt 765.jpg
Siirt_Pistachio,siirt 766.jpg
Siirt_Pistachio,siirt 767.jpg
Siirt_Pistachio,siirt 768.jpg
Siirt_Pistachio,siirt 769.jpg
Siirt_Pistachio,siirt 77.jpg
Siirt_Pistachio,siirt 770.jpg
Siirt_Pistachio,siirt 771.jpg
Siirt_Pistachio,siirt 772.jpg
Siirt_Pistachio,siirt 773.jpg
Siirt_Pistachio,siirt 774.jpg
Siirt_Pistachio,siirt 775.jpg
Siirt_Pistachio,siirt 776.jpg
Siirt_Pistachio,siirt 777.jpg
Siirt_Pistachio,siirt 778.jpg
Siirt_Pistachio,siirt 779.jpg
Siirt_Pistachio,siirt 78.jpg
Siirt_Pistachio,siirt 780.jpg
Siirt_Pistachio,siirt 781.jpg
Siirt_Pistachio,siirt 782.jpg
Siirt_Pistachio,siirt 783.jpg
Siirt_Pistachio,siirt 784.jpg
Siirt_Pistachio,siirt 785.jpg
Siirt_Pistachio,siirt 786.jpg
Siirt_Pistachio,siirt 787.jpg
Siirt_Pistachio,siirt 788.jpg
Siirt_Pistachio,siirt 789.jpg
Siirt_Pistachio,siirt 79.jpg
Siirt_Pistachio,siirt 790.jpg
Siirt_Pistachio,siirt 791.jpg
Siirt_Pistachio,siirt 792.jpg
Siirt_Pistachio,siirt 793.jpg
Siirt_Pistachio,siirt 794.jpg
Siirt_Pistachio,siirt 795.jpg
Siirt_Pistachio,siirt 796.jpg
Siirt_Pistachio,siirt 797.jpg
Siirt_Pistachio,siirt 798.jpg
Siirt_Pistachio,siirt 799.jpg
Siirt_Pistachio,siirt 8.jpg
Siirt_Pistachio,siirt 80.jpg
Siirt_Pistachio,siirt 800.jpg
Siirt_Pistachio,siirt 801.jpg
Siirt_Pistachio,siirt 802.jpg
Siirt_Pistachio,siirt 803.jpg
Siirt_Pistachio,siirt 804.jpg
Siirt_Pistachio,siirt 805.jpg
Siirt_Pistachio,siirt 806.jpg
Siirt_Pistachio,siirt 807.jpg
Siirt_Pistachio,siirt 808.jpg
Siirt_Pistachio,siirt 809.jpg
Siirt_Pistachio,siirt 81.jpg
Siirt_Pistachio,siirt 810.jpg
Siirt_Pistachio,siirt 811.jpg
Siirt_Pistachio,siirt 812.jpg
Siirt_Pistachio,siirt 813.jpg
Siirt_Pistachio,siirt 814.jpg
Siirt_Pistachio,siirt 815.jpg
Siirt_Pistachio,siirt 816.jpg
Siirt_Pistachio,siirt 817.jpg
Siirt_Pistachio,siirt 818.jpg
Siirt_Pistachio,siirt 819.jpg
Siirt_Pistachio,siirt 82.jpg
Siirt_Pistachio,siirt 820.jpg
Siirt_Pistachio,siirt 821.jpg
Siirt_Pistachio,siirt 822.jpg
Siirt_Pistachio,siirt 823.jpg
Siirt_Pistachio,siirt 824.jpg
Siirt_Pistachio,siirt 825.jpg
Siirt_Pistachio,siirt 826.jpg
Siirt_Pistachio,siirt 827.jpg
Siirt_Pistachio,siirt 828.jpg
Siirt_Pistachio,siirt 829.jpg
Siirt_Pistachio,siirt 83.jpg
Siirt_Pistachio,siirt 830.jpg
Siirt_Pistachio,siirt 831.jpg
Siirt_Pistachio,siirt 832.jpg
Siirt_Pistachio,siirt 833.jpg
Siirt_Pistachio,siirt 834.jpg
Siirt_Pistachio,siirt 835.jpg
Siirt_Pistachio,siirt 836.jpg
Siirt_Pistachio,siirt 837.jpg
Siirt_Pistachio,siirt 838.jpg
Siirt_Pistachio,siirt 839.jpg
Siirt_Pistachio,siirt 84.jpg
Siirt_Pistachio,siirt 840.jpg
Siirt_Pistachio,siirt 841.jpg
Siirt_Pistachio,siirt 842.jpg
Siirt_Pistachio,siirt 843.jpg
Siirt_Pistachio,siirt 844.jpg
Siirt_Pistachio,siirt 845.jpg
Siirt_Pistachio,siirt 846.jpg
Siirt_Pistachio,siirt 847.jpg
Siirt_Pistachio,siirt 848.jpg
Siirt_Pistachio,siirt 849.jpg
Siirt_Pistachio,siirt 85.jpg
Siirt_Pistachio,siirt 850.jpg
Siirt_Pistachio,siirt 851.jpg
Siirt_Pistachio,siirt 852.jpg
Siirt_Pistachio,siirt 853.jpg
Siirt_Pistachio,siirt 854.jpg
Siirt_Pistachio,siirt 855.jpg
Siirt_Pistachio,siirt 856.jpg
Siirt_Pistachio,siirt 857.jpg
Siirt_Pistachio,siirt 858.jpg
Siirt_Pistachio,siirt 859.jpg
Siirt_Pistachio,siirt 86.jpg
Siirt_Pistachio,siirt 860.jpg
Siirt_Pistachio,siirt 861.jpg
Siirt_Pistachio,siirt 862.jpg
Siirt_Pistachio,siirt 863.jpg
Siirt_Pistachio,siirt 864.jpg
Siirt_Pistachio,siirt 865.jpg
Siirt_Pistachio,siirt 866.jpg
Siirt_Pistachio,siirt 87.jpg
Siirt_Pistachio,siirt 88.jpg
Siirt_Pistachio,siirt 89.jpg
Siirt_Pistachio,siirt 9.jpg
Siirt_Pistachio,siirt 90.jpg
Siirt_Pistachio,siirt 91.jpg
Siirt_Pistachio,siirt 92.jpg
Siirt_Pistachio,siirt 93.jpg
Siirt_Pistachio,siirt 94.jpg
Siirt_Pistachio,siirt 95.jpg
Siirt_Pistachio,siirt 96.jpg
Siirt_Pistachio,siirt 97.jpg
Siirt_Pistachio,siirt 98.jpg
Siirt_Pistachio,siirt 99.jpg
